2,18,104.35,950,20,0.29
2,18,104.3333333,951,20,0.29
2,18,104.3166667,950,20,0.29
2,18,104.3,952,20,0.29
2,18,104.2833333,951,20,0.29
2,18,104.2666667,947,21,0.28
2,18,104.25,943,21,0.28
2,18,104.2333333,945,21,0.28
2,18,104.2166667,942,21,0.28
2,18,104.2,938,21,0.28
2,18,104.1833333,938,21,0.28
2,18,104.1666667,947,21,0.28
2,18,104.15,948,21,0.28
2,18,104.1333333,948,21,0.28
2,18,104.1166667,949,21,0.28
2,18,104.1,950,21,0.28
2,18,104.0833333,950,21,0.29
2,18,104.0666667,949,21,0.28
2,18,104.05,946,21,0.28
2,18,104.0333333,944,21,0.28
2,18,104.0166667,945,21,0.28
2,18,104,949,21,0.28
2,18,103.9833333,941,21,0.28
2,18,103.9666667,942,21,0.28
2,18,103.95,936,21,0.28
2,18,103.9333333,932,21,0.27
2,18,103.9166667,926,21,0.27
2,18,103.9,923,21,0.27
2,18,103.8833333,920,21,0.27
2,18,103.8666667,920,21,0.27
2,18,103.85,920,21,0.27
2,18,103.8333333,910,21,0.27
2,18,103.8166667,898,21,0.27
2,18,103.8,884,21,0.27
2,18,103.7833333,880,21,0.27
2,18,103.7666667,879,21,0.27
2,18,103.75,892,21,0.27
2,18,103.7333333,890,21,0.27
2,18,103.7166667,888,21,0.27
2,18,103.7,886,21,0.27
2,18,103.6833333,887,21,0.27
2,18,103.6666667,893,21,0.27
2,18,103.65,898,21,0.27
2,18,103.6333333,905,21,0.27
2,18,103.6166667,908,21,0.27
2,18,103.6,908,21,0.27
2,18,103.5833333,909,21,0.27
2,18,103.5666667,909,21,0.27
2,18,103.55,909,21,0.27
2,18,103.5333333,911,21,0.27
2,18,103.5166667,916,21,0.27
2,18,103.5,915,21,0.27
2,18,103.4833333,916,21,0.27
2,18,103.4666667,915,21,0.27
2,18,103.45,915,21,0.27
2,18,103.4333333,916,21,0.27
2,18,103.4166667,920,21,0.27
2,18,103.4,938,21,0.27
2,18,103.3833333,953,21,0.27
2,18,103.3666667,968,21,0.27
2,18,103.35,968,21,0.28
2,18,103.3333333,966,21,0.28
2,18,103.3166667,965,21,0.27
2,18,103.3,965,21,0.27
2,18,103.2833333,963,21,0.27
2,18,103.2666667,959,21,0.27
2,18,103.25,955,21,0.27
2,18,103.2333333,953,21,0.27
2,18,103.2166667,971,21,0.28
2,18,103.2,978,21,0.28
2,18,103.1833333,965,21,0.28
2,18,103.1666667,966,21,0.29
2,18,103.15,967,21,0.29
2,18,103.1333333,980,21,0.29
2,18,103.1166667,1018,21,0.3
2,18,103.1,980,21,0.29
2,18,103.0833333,967,21,0.29
2,18,103.0666667,975,21,0.29
2,18,103.05,952,21,0.29
2,18,103.0333333,947,21,0.29
2,18,103.0166667,945,21,0.29
2,18,103,940,21,0.29
2,18,102.9833333,938,21,0.29
2,18,102.9666667,938,21,0.29
2,18,102.95,941,21,0.3
2,18,102.9333333,979,20,0.3
2,18,102.9166667,967,20,0.3
2,18,102.9,913,20,0.3
2,18,102.8833333,905,20,0.3
2,18,102.8666667,903,20,0.3
2,18,102.85,903,20,0.3
2,18,102.8333333,905,20,0.3
2,18,102.8166667,904,20,0.3
2,18,102.8,903,20,0.3
2,18,102.7833333,902,20,0.3
2,18,102.7666667,900,20,0.3
2,18,102.75,899,20,0.3
2,18,102.7333333,894,20,0.3
2,18,102.7166667,881,20,0.3
2,18,102.7,879,20,0.3
2,18,102.6833333,881,20,0.3
2,18,102.6666667,883,20,0.3
2,18,102.65,879,20,0.3
2,18,102.6333333,876,20,0.3
2,18,102.6166667,876,20,0.3
2,18,102.6,879,20,0.3
2,18,102.5833333,888,20,0.3
2,18,102.5666667,903,20,0.31
2,18,102.55,903,20,0.31
2,18,102.5333333,904,19,0.31
2,18,102.5166667,900,19,0.31
2,18,102.5,897,19,0.3
2,18,102.4833333,896,19,0.3
2,18,102.4666667,896,19,0.31
2,18,102.45,890,19,0.31
2,18,102.4333333,880,19,0.31
2,18,102.4166667,880,19,0.31
2,18,102.4,883,19,0.31
2,18,102.3833333,880,19,0.31
2,18,102.3666667,881,19,0.31
2,18,102.35,881,19,0.32
2,18,102.3333333,881,19,0.32
2,18,102.3166667,881,19,0.32
2,18,102.3,880,19,0.32
2,18,102.2833333,878,19,0.32
2,18,102.2666667,871,19,0.32
2,18,102.25,861,19,0.32
2,18,102.2333333,857,19,0.32
2,18,102.2166667,849,19,0.32
2,18,102.2,848,19,0.32
2,18,102.1833333,846,19,0.32
2,18,102.1666667,843,19,0.32
2,18,102.15,842,19,0.32
2,18,102.1333333,842,19,0.32
2,18,102.1166667,842,19,0.32
2,18,102.1,841,19,0.32
2,18,102.0833333,839,19,0.32
2,18,102.0666667,835,19,0.33
2,18,102.05,833,19,0.33
2,18,102.0333333,831,19,0.33
2,18,102.0166667,830,19,0.33
2,18,102,829,19,0.33
2,18,101.9833333,828,19,0.33
2,18,101.9666667,828,19,0.34
2,18,101.95,828,19,0.34
2,18,101.9333333,828,19,0.34
2,18,101.9166667,828,19,0.34
2,18,101.9,827,19,0.34
2,18,101.8833333,826,19,0.34
2,18,101.8666667,825,18,0.34
2,18,101.85,825,18,0.33
2,18,101.8333333,824,18,0.33
2,18,101.8166667,824,18,0.33
2,18,101.8,826,18,0.34
2,18,101.7833333,826,18,0.34
2,18,101.7666667,825,18,0.33
2,18,101.75,825,18,0.33
2,18,101.7333333,824,18,0.33
2,18,101.7166667,823,18,0.33
2,18,101.7,821,18,0.33
2,18,101.6833333,823,18,0.33
2,18,101.6666667,824,18,0.33
2,18,101.65,823,18,0.33
2,18,101.6333333,823,18,0.32
2,18,101.6166667,823,18,0.32
2,18,101.6,823,18,0.32
2,18,101.5833333,825,18,0.32
2,18,101.5666667,827,18,0.32
2,18,101.55,829,18,0.32
2,18,101.5333333,830,18,0.32
2,18,101.5166667,829,17,0.32
2,18,101.5,827,17,0.32
2,18,101.4833333,826,17,0.32
2,18,101.4666667,828,17,0.32
2,18,101.45,827,17,0.32
2,18,101.4333333,829,17,0.32
2,18,101.4166667,829,17,0.32
2,18,101.4,829,17,0.32
2,18,101.3833333,828,17,0.32
2,18,101.3666667,829,17,0.32
2,18,101.35,827,17,0.32
2,18,101.3333333,827,17,0.32
2,18,101.3166667,826,17,0.32
2,18,101.3,817,17,0.32
2,18,101.2833333,813,17,0.32
2,18,101.2666667,808,17,0.32
2,18,101.25,803,17,0.32
2,18,101.2333333,796,17,0.32
2,18,101.2166667,788,16,0.32
2,18,101.2,786,16,0.32
2,18,101.1833333,787,16,0.32
2,18,101.1666667,784,16,0.32
2,18,101.15,784,16,0.32
2,18,101.1333333,787,16,0.32
2,18,101.1166667,798,16,0.32
2,18,101.1,800,16,0.32
2,18,101.0833333,801,16,0.32
2,18,101.0666667,802,16,0.32
2,18,101.05,804,16,0.32
2,18,101.0333333,806,16,0.32
2,18,101.0166667,807,16,0.32
2,18,101,808,16,0.32
2,18,100.9833333,809,16,0.32
2,18,100.9666667,809,16,0.32
2,18,100.95,807,16,0.32
2,18,100.9333333,807,16,0.32
2,18,100.9166667,808,16,0.32
2,18,100.9,807,16,0.32
2,18,100.8833333,805,16,0.32
2,18,100.8666667,804,16,0.32
2,18,100.85,807,16,0.32
2,18,100.8333333,809,16,0.32
2,18,100.8166667,810,16,0.32
2,18,100.8,809,16,0.32
2,18,100.7833333,810,16,0.32
2,18,100.7666667,812,16,0.32
2,18,100.75,813,16,0.32
2,18,100.7333333,813,16,0.32
2,18,100.7166667,812,16,0.32
2,18,100.7,813,16,0.32
2,18,100.6833333,812,16,0.32
2,18,100.6666667,808,16,0.32
2,18,100.65,804,16,0.32
2,18,100.6333333,804,16,0.32
2,18,100.6166667,805,16,0.32
2,18,100.6,809,16,0.32
2,18,100.5833333,811,16,0.32
2,18,100.5666667,813,16,0.32
2,18,100.55,813,16,0.32
2,18,100.5333333,813,16,0.32
2,18,100.5166667,813,16,0.32
2,18,100.5,814,16,0.32
2,18,100.4833333,814,16,0.32
2,18,100.4666667,814,16,0.32
2,18,100.45,816,16,0.32
2,18,100.4333333,815,16,0.32
2,18,100.4166667,814,16,0.32
2,18,100.4,814,16,0.32
2,18,100.3833333,815,16,0.32
2,18,100.3666667,816,16,0.32
2,18,100.35,812,16,0.32
2,18,100.3333333,807,16,0.32
2,18,100.3166667,809,16,0.32
2,18,100.3,811,16,0.32
2,18,100.2833333,813,16,0.32
2,18,100.2666667,814,16,0.32
2,18,100.25,814,16,0.32
2,18,100.2333333,813,16,0.32
2,18,100.2166667,814,16,0.32
2,18,100.2,815,16,0.32
2,18,100.1833333,816,16,0.32
2,18,100.1666667,815,16,0.32
2,18,100.15,816,16,0.32
2,18,100.1333333,816,16,0.32
2,18,100.1166667,815,16,0.32
2,18,100.1,816,16,0.32
2,18,100.0833333,816,16,0.32
2,18,100.0666667,817,16,0.32
2,18,100.05,817,16,0.32
2,18,100.0333333,817,16,0.32
2,18,100.0166667,818,16,0.32
2,18,100,817,16,0.32
2,18,99.98333333,817,16,0.32
2,18,99.96666667,816,16,0.32
2,18,99.95,817,16,0.32
2,18,99.93333333,818,16,0.32
2,18,99.91666667,818,16,0.32
2,18,99.9,818,16,0.32
2,18,99.88333333,818,16,0.32
2,18,99.86666667,818,16,0.32
2,18,99.85,819,16,0.32
2,18,99.83333333,821,16,0.33
2,18,99.81666667,820,16,0.33
2,18,99.8,820,16,0.33
2,18,99.78333333,820,16,0.33
2,18,99.76666667,820,16,0.33
2,18,99.75,821,16,0.33
2,18,99.73333333,822,17,0.33
2,18,99.71666667,821,16,0.33
2,18,99.7,821,16,0.33
2,18,99.68333333,822,16,0.33
2,18,99.66666667,822,16,0.33
2,18,99.65,822,16,0.33
2,18,99.63333333,821,16,0.33
2,18,99.61666667,823,16,0.33
2,18,99.6,823,16,0.33
2,18,99.58333333,823,16,0.33
2,18,99.56666667,823,17,0.33
2,18,99.55,824,16,0.33
2,18,99.53333333,824,16,0.33
2,18,99.51666667,824,16,0.33
2,18,99.5,824,16,0.33
2,18,99.48333333,823,16,0.33
2,18,99.46666667,823,17,0.33
2,18,99.45,823,17,0.33
2,18,99.43333333,822,16,0.33
2,18,99.41666667,823,16,0.33
2,18,99.4,824,17,0.33
2,18,99.38333333,823,17,0.33
2,18,99.36666667,823,16,0.33
2,18,99.35,823,16,0.33
2,18,99.33333333,823,16,0.33
2,18,99.31666667,823,16,0.33
2,18,99.3,823,16,0.33
2,18,99.28333333,822,16,0.33
2,18,99.26666667,822,16,0.33
2,18,99.25,823,17,0.33
2,18,99.23333333,824,17,0.33
2,18,99.21666667,823,17,0.33
2,18,99.2,823,16,0.33
2,18,99.18333333,823,16,0.33
2,18,99.16666667,824,17,0.33
2,18,99.15,823,17,0.33
2,18,99.13333333,821,17,0.33
2,18,99.11666667,821,16,0.33
2,18,99.1,822,16,0.33
2,18,99.08333333,824,16,0.33
2,18,99.06666667,823,16,0.33
2,18,99.05,824,16,0.33
2,18,99.03333333,824,16,0.33
2,18,99.01666667,824,16,0.33
2,18,99,824,17,0.33
2,18,98.98333333,823,17,0.33
2,18,98.96666667,823,16,0.33
2,18,98.95,823,16,0.33
2,18,98.93333333,824,16,0.33
2,18,98.91666667,824,17,0.33
2,18,98.9,824,17,0.33
2,18,98.88333333,824,17,0.33
2,18,98.86666667,823,17,0.33
2,18,98.85,822,17,0.33
2,18,98.83333333,823,17,0.33
2,18,98.81666667,824,17,0.33
2,18,98.8,823,17,0.33
2,18,98.78333333,823,17,0.33
2,18,98.76666667,825,17,0.33
2,18,98.75,826,17,0.33
2,18,98.73333333,825,17,0.33
2,18,98.71666667,826,17,0.33
2,18,98.7,827,17,0.33
2,18,98.68333333,826,17,0.33
2,18,98.66666667,828,17,0.33
2,18,98.65,828,17,0.33
2,18,98.63333333,828,17,0.33
2,18,98.61666667,828,17,0.33
2,18,98.6,827,17,0.33
2,18,98.58333333,827,17,0.33
2,18,98.56666667,828,17,0.33
2,18,98.55,828,17,0.33
2,18,98.53333333,827,17,0.33
2,18,98.51666667,829,17,0.33
2,18,98.5,829,17,0.33
2,18,98.48333333,829,17,0.33
2,18,98.46666667,827,17,0.33
2,18,98.45,829,17,0.33
2,18,98.43333333,828,17,0.33
2,18,98.41666667,829,17,0.33
2,18,98.4,828,17,0.33
2,18,98.38333333,829,17,0.33
2,18,98.36666667,829,17,0.33
2,18,98.35,829,17,0.33
2,18,98.33333333,831,17,0.33
2,18,98.31666667,832,17,0.33
2,18,98.3,832,17,0.33
2,18,98.28333333,832,17,0.33
2,18,98.26666667,833,17,0.33
2,18,98.25,833,17,0.33
2,18,98.23333333,829,17,0.33
2,18,98.21666667,832,17,0.33
2,18,98.2,832,17,0.33
2,18,98.18333333,832,17,0.33
2,18,98.16666667,832,17,0.33
2,18,98.15,832,17,0.33
2,18,98.13333333,832,17,0.33
2,18,98.11666667,833,17,0.33
2,18,98.1,835,17,0.33
2,18,98.08333333,833,17,0.33
2,18,98.06666667,834,17,0.33
2,18,98.05,834,17,0.33
2,18,98.03333333,834,17,0.33
2,18,98.01666667,835,17,0.33
2,18,98,836,17,0.33
2,18,97.98333333,836,17,0.33
2,18,97.96666667,836,17,0.33
2,18,97.95,836,17,0.33
2,18,97.93333333,836,17,0.33
2,18,97.91666667,836,17,0.33
2,18,97.9,835,17,0.33
2,18,97.88333333,836,17,0.33
2,18,97.86666667,836,17,0.33
2,18,97.85,837,17,0.33
2,18,97.83333333,837,17,0.33
2,18,97.81666667,836,17,0.33
2,18,97.8,835,17,0.33
2,18,97.78333333,835,17,0.33
2,18,97.76666667,834,17,0.33
2,18,97.75,835,17,0.33
2,18,97.73333333,833,17,0.33
2,18,97.71666667,830,17,0.33
2,18,97.7,831,17,0.33
2,18,97.68333333,830,17,0.33
2,18,97.66666667,830,17,0.33
2,18,97.65,830,17,0.33
2,18,97.63333333,830,17,0.33
2,18,97.61666667,831,17,0.33
2,18,97.6,832,17,0.33
2,18,97.58333333,833,17,0.33
2,18,97.56666667,833,17,0.33
2,18,97.55,834,17,0.33
2,18,97.53333333,833,17,0.33
2,18,97.51666667,834,17,0.33
2,18,97.5,834,17,0.33
2,18,97.48333333,834,17,0.33
2,18,97.46666667,836,17,0.33
2,18,97.45,836,17,0.33
2,18,97.43333333,835,17,0.33
2,18,97.41666667,836,17,0.33
2,18,97.4,836,17,0.33
2,18,97.38333333,837,17,0.33
2,18,97.36666667,838,17,0.33
2,18,97.35,839,17,0.33
2,18,97.33333333,839,17,0.33
2,18,97.31666667,840,17,0.33
2,18,97.3,840,17,0.33
2,18,97.28333333,840,17,0.33
2,18,97.26666667,842,17,0.33
2,18,97.25,842,17,0.33
2,18,97.23333333,842,17,0.33
2,18,97.21666667,842,17,0.33
2,18,97.2,844,17,0.33
2,18,97.18333333,844,17,0.33
2,18,97.16666667,846,17,0.33
2,18,97.15,845,17,0.33
2,18,97.13333333,845,17,0.33
2,18,97.11666667,846,17,0.33
2,18,97.1,847,17,0.33
2,18,97.08333333,846,17,0.33
2,18,97.06666667,847,17,0.33
2,18,97.05,848,17,0.33
2,18,97.03333333,847,17,0.33
2,18,97.01666667,848,17,0.33
2,18,97,850,17,0.33
2,18,96.98333333,849,17,0.33
2,18,96.96666667,849,17,0.33
2,18,96.95,849,17,0.33
2,18,96.93333333,847,17,0.33
2,18,96.91666667,849,17,0.33
2,18,96.9,848,17,0.33
2,18,96.88333333,847,17,0.33
2,18,96.86666667,846,17,0.33
2,18,96.85,848,17,0.33
2,18,96.83333333,850,17,0.33
2,18,96.81666667,851,17,0.33
2,18,96.8,852,17,0.33
2,18,96.78333333,853,17,0.33
2,18,96.76666667,855,17,0.33
2,18,96.75,855,17,0.33
2,18,96.73333333,855,18,0.33
2,18,96.71666667,855,18,0.33
2,18,96.7,856,17,0.33
2,18,96.68333333,858,17,0.33
2,18,96.66666667,858,18,0.33
2,18,96.65,859,18,0.33
2,18,96.63333333,858,18,0.33
2,18,96.61666667,860,18,0.33
2,18,96.6,861,18,0.33
2,18,96.58333333,862,18,0.33
2,18,96.56666667,861,18,0.33
2,18,96.55,863,18,0.33
2,18,96.53333333,863,18,0.33
2,18,96.51666667,865,18,0.33
2,18,96.5,867,18,0.33
2,18,96.48333333,865,18,0.33
2,18,96.46666667,867,18,0.33
2,18,96.45,871,18,0.33
2,18,96.43333333,873,18,0.33
2,18,96.41666667,873,18,0.33
2,18,96.4,874,18,0.33
2,18,96.38333333,875,18,0.33
2,18,96.36666667,876,18,0.33
2,18,96.35,877,18,0.33
2,18,96.33333333,878,18,0.33
2,18,96.31666667,879,18,0.33
2,18,96.3,878,18,0.33
2,18,96.28333333,879,18,0.33
2,18,96.26666667,880,18,0.33
2,18,96.25,882,18,0.33
2,18,96.23333333,881,18,0.33
2,18,96.21666667,882,18,0.33
2,18,96.2,883,18,0.33
2,18,96.18333333,882,18,0.33
2,18,96.16666667,883,18,0.33
2,18,96.15,885,18,0.33
2,18,96.13333333,884,18,0.33
2,18,96.11666667,886,18,0.33
2,18,96.1,887,18,0.33
2,18,96.08333333,889,18,0.33
2,18,96.06666667,890,18,0.33
2,18,96.05,891,18,0.33
2,18,96.03333333,891,18,0.32
2,18,96.01666667,892,18,0.32
2,18,96,892,18,0.32
2,17,81.93333333,958,21,0.3
2,17,81.91666667,962,21,0.3
2,17,81.9,963,21,0.3
2,17,81.88333333,967,21,0.3
2,17,81.86666667,970,21,0.3
2,17,81.85,973,21,0.3
2,17,81.83333333,975,21,0.31
2,17,81.81666667,977,20,0.31
2,17,81.8,978,21,0.31
2,17,81.78333333,979,21,0.31
2,17,81.76666667,980,21,0.31
2,17,81.75,981,21,0.31
2,17,81.73333333,981,21,0.31
2,17,81.71666667,979,21,0.31
2,17,81.7,978,21,0.31
2,17,81.68333333,978,21,0.31
2,17,81.66666667,979,20,0.31
2,17,81.65,973,20,0.3
2,17,81.63333333,972,21,0.3
2,17,81.61666667,973,21,0.3
2,17,81.6,969,21,0.3
2,17,81.58333333,967,21,0.3
2,17,81.56666667,953,21,0.3
2,17,81.55,950,21,0.3
2,17,81.53333333,952,21,0.3
2,17,81.51666667,955,21,0.3
2,17,81.5,955,20,0.3
2,17,81.48333333,956,20,0.3
2,17,81.46666667,957,21,0.3
2,17,81.45,959,21,0.3
2,17,81.43333333,961,21,0.3
2,17,81.41666667,961,21,0.3
2,17,81.4,961,21,0.3
2,17,81.38333333,962,21,0.3
2,17,81.36666667,963,21,0.3
2,17,81.35,963,21,0.3
2,17,81.33333333,963,21,0.3
2,17,81.31666667,964,21,0.3
2,17,81.3,964,21,0.3
2,17,81.28333333,964,21,0.3
2,17,81.26666667,966,21,0.3
2,17,81.25,968,21,0.3
2,17,81.23333333,970,21,0.3
2,17,81.21666667,970,21,0.3
2,17,81.2,971,21,0.3
2,17,81.18333333,971,21,0.3
2,17,81.16666667,972,21,0.3
2,17,81.15,974,21,0.3
2,17,81.13333333,974,21,0.3
2,17,81.11666667,975,21,0.3
2,17,81.1,976,21,0.3
2,17,81.08333333,978,21,0.3
2,17,81.06666667,979,21,0.31
2,17,81.05,980,21,0.31
2,17,81.03333333,981,21,0.31
2,17,81.01666667,984,21,0.31
2,17,81,985,20,0.31
2,17,80.98333333,986,20,0.31
2,17,80.96666667,987,21,0.31
2,17,80.95,990,21,0.31
2,17,80.93333333,991,21,0.31
2,17,80.91666667,992,21,0.31
2,17,80.9,993,21,0.31
2,17,80.88333333,993,21,0.31
2,17,80.86666667,995,21,0.31
2,17,80.85,995,21,0.31
2,17,80.83333333,997,21,0.31
2,17,80.81666667,998,21,0.31
2,17,80.8,1000,21,0.31
2,17,80.78333333,963,21,0.31
2,17,80.76666667,965,21,0.31
2,17,80.75,968,21,0.31
2,17,80.73333333,970,21,0.31
2,17,80.71666667,970,21,0.31
2,17,80.7,970,21,0.31
2,17,80.68333333,970,21,0.31
2,17,80.66666667,973,21,0.31
2,17,80.65,973,21,0.31
2,17,80.63333333,974,21,0.31
2,17,80.61666667,976,21,0.31
2,17,80.6,977,21,0.31
2,17,80.58333333,978,21,0.31
2,17,80.56666667,980,21,0.31
2,17,80.55,980,21,0.31
2,17,80.53333333,982,21,0.31
2,17,80.51666667,984,21,0.31
2,17,80.5,987,21,0.31
2,17,80.48333333,988,21,0.31
2,17,80.46666667,989,21,0.31
2,17,80.45,993,21,0.31
2,17,80.43333333,997,21,0.31
2,17,80.41666667,999,21,0.31
2,17,80.4,1000,21,0.31
2,17,80.38333333,1002,21,0.31
2,17,80.36666667,1004,21,0.31
2,17,80.35,1007,21,0.31
2,17,80.33333333,1008,21,0.31
2,17,80.31666667,1008,21,0.31
2,17,80.3,1013,21,0.31
2,17,80.28333333,1015,21,0.31
2,17,80.26666667,1019,21,0.31
2,17,80.25,1027,21,0.31
2,17,80.23333333,1030,21,0.31
2,17,80.21666667,1038,21,0.31
2,17,80.2,1048,21,0.32
2,17,80.18333333,1051,21,0.32
2,17,80.16666667,1050,21,0.32
2,17,80.15,1053,21,0.31
2,17,80.13333333,1054,21,0.31
2,17,80.11666667,1054,21,0.31
2,17,80.1,1055,21,0.31
2,17,80.08333333,1054,21,0.31
2,17,80.06666667,1056,21,0.31
2,17,80.05,1058,21,0.31
2,17,80.03333333,1058,21,0.31
2,17,80.01666667,1060,21,0.31
2,17,80,1072,21,0.31
2,17,79.98333333,1076,21,0.31
2,17,79.96666667,1083,21,0.31
2,17,79.95,1086,21,0.31
2,17,79.93333333,1087,21,0.31
2,17,79.91666667,1095,21,0.31
2,17,79.9,1100,21,0.31
2,17,79.88333333,1103,21,0.31
2,17,79.86666667,1113,21,0.31
2,17,79.85,1124,21,0.31
2,17,79.83333333,1130,21,0.31
2,17,79.81666667,1132,21,0.32
2,17,79.8,1132,21,0.32
2,17,79.78333333,1153,21,0.32
2,17,79.76666667,1175,21,0.31
2,17,79.75,1176,21,0.32
2,17,79.73333333,1175,21,0.31
2,17,79.71666667,1176,21,0.31
2,17,79.7,1183,21,0.31
2,17,79.68333333,1187,21,0.31
2,17,79.66666667,1189,21,0.31
2,17,79.65,1190,21,0.31
2,17,79.63333333,1193,21,0.31
2,17,79.61666667,1193,21,0.31
2,17,79.6,1195,21,0.31
2,17,79.58333333,1198,21,0.31
2,17,79.56666667,1208,21,0.31
2,17,79.55,1215,21,0.31
2,17,79.53333333,1221,21,0.31
2,17,79.51666667,1223,21,0.31
2,17,79.5,1227,21,0.31
2,17,79.48333333,1246,21,0.31
2,17,79.46666667,1285,21,0.31
2,17,79.45,1291,21,0.31
2,17,79.43333333,1307,21,0.31
2,17,79.41666667,1309,21,0.31
2,17,79.4,1307,21,0.31
2,17,79.38333333,1308,21,0.31
2,17,79.36666667,1306,21,0.31
2,17,79.35,1311,21,0.31
2,17,79.33333333,1316,21,0.31
2,17,79.31666667,1339,21,0.31
2,17,79.3,1352,21,0.31
2,17,79.28333333,1353,21,0.31
2,17,79.26666667,1352,21,0.31
2,17,79.25,1338,21,0.3
2,17,79.23333333,1328,21,0.3
2,17,79.21666667,1320,22,0.3
2,17,79.2,1326,22,0.31
2,17,79.18333333,1328,22,0.3
2,17,79.16666667,1326,21,0.31
2,17,79.15,1319,21,0.31
2,17,79.13333333,1310,21,0.31
2,17,79.11666667,1308,21,0.31
2,17,79.1,1307,21,0.31
2,17,79.08333333,1306,21,0.31
2,17,79.06666667,1304,21,0.31
2,17,79.05,1304,21,0.31
2,17,79.03333333,1306,21,0.31
2,17,79.01666667,1307,21,0.31
2,17,79,1312,21,0.31
2,17,78.98333333,1317,21,0.31
2,17,78.96666667,1317,21,0.31
2,17,78.95,1337,21,0.31
2,17,78.93333333,1341,21,0.31
2,17,78.91666667,1357,21,0.31
2,17,78.9,1333,21,0.31
2,17,78.88333333,1336,21,0.31
2,17,78.86666667,1345,21,0.31
2,17,78.85,1348,21,0.31
2,17,78.83333333,1346,21,0.31
2,17,78.81666667,1346,21,0.32
2,17,78.8,1336,21,0.32
2,17,78.78333333,1343,21,0.32
2,17,78.76666667,1387,21,0.32
2,17,78.75,1344,21,0.32
2,17,78.73333333,1357,21,0.32
2,17,78.71666667,1360,21,0.32
2,17,78.7,1380,21,0.32
2,17,78.68333333,1373,21,0.33
2,17,78.66666667,1351,20,0.33
2,17,78.65,1341,20,0.32
2,17,78.63333333,1345,20,0.33
2,17,78.61666667,1362,20,0.33
2,17,78.6,1339,20,0.32
2,17,78.58333333,1336,20,0.32
2,17,78.56666667,1335,20,0.32
2,17,78.55,1334,20,0.32
2,17,78.53333333,1336,20,0.32
2,17,78.51666667,1336,20,0.32
2,17,78.5,1323,20,0.32
2,17,78.48333333,1320,20,0.32
2,17,78.46666667,1317,20,0.32
2,17,78.45,1302,20,0.32
2,17,78.43333333,1302,20,0.32
2,17,78.41666667,1292,20,0.32
2,17,78.4,1282,20,0.32
2,17,78.38333333,1280,20,0.32
2,17,78.36666667,1279,20,0.32
2,17,78.35,1279,20,0.32
2,17,78.33333333,1268,20,0.32
2,17,78.31666667,1259,20,0.32
2,17,78.3,1255,20,0.32
2,17,78.28333333,1257,20,0.32
2,17,78.26666667,1255,19,0.32
2,17,78.25,1255,19,0.32
2,17,78.23333333,1255,19,0.32
2,17,78.21666667,1254,19,0.32
2,17,78.2,1252,19,0.32
2,17,78.18333333,1251,19,0.32
2,17,78.16666667,1249,19,0.32
2,17,78.15,1247,19,0.32
2,17,78.13333333,1244,19,0.32
2,17,78.11666667,1241,19,0.32
2,17,78.1,1238,19,0.32
2,17,78.08333333,1235,19,0.32
2,17,78.06666667,1234,19,0.32
2,17,78.05,1235,19,0.32
2,17,78.03333333,1235,19,0.32
2,17,78.01666667,1235,19,0.32
2,17,78,1233,19,0.32
2,17,77.98333333,1230,19,0.32
2,17,77.96666667,1229,19,0.32
2,17,77.95,1229,19,0.32
2,17,77.93333333,1230,19,0.32
2,17,77.91666667,1232,19,0.32
2,17,77.9,1231,19,0.32
2,17,77.88333333,1232,19,0.32
2,17,77.86666667,1234,19,0.32
2,17,77.85,1237,19,0.32
2,17,77.83333333,1238,19,0.32
2,17,77.81666667,1227,19,0.32
2,17,77.8,1226,19,0.32
2,17,77.78333333,1222,19,0.32
2,17,77.76666667,1219,19,0.32
2,17,77.75,1218,19,0.32
2,17,77.73333333,1211,19,0.32
2,17,77.71666667,1208,19,0.32
2,17,77.7,1205,19,0.32
2,17,77.68333333,1203,19,0.32
2,17,77.66666667,1202,18,0.32
2,17,77.65,1202,18,0.32
2,17,77.63333333,1201,18,0.32
2,17,77.61666667,1201,18,0.32
2,17,77.6,1199,18,0.32
2,17,77.58333333,1199,18,0.32
2,17,77.56666667,1198,18,0.32
2,17,77.55,1199,18,0.32
2,17,77.53333333,1199,18,0.32
2,17,77.51666667,1198,18,0.33
2,17,77.5,1198,18,0.33
2,17,77.48333333,1198,18,0.33
2,17,77.46666667,1196,18,0.33
2,17,77.45,1197,18,0.33
2,17,77.43333333,1198,18,0.33
2,17,77.41666667,1197,18,0.33
2,17,77.4,1197,18,0.33
2,17,77.38333333,1197,18,0.33
2,17,77.36666667,1195,18,0.33
2,17,77.35,1194,18,0.33
2,17,77.33333333,1194,18,0.33
2,17,77.31666667,1194,18,0.33
2,17,77.3,1192,18,0.33
2,17,77.28333333,1190,18,0.33
2,17,77.26666667,1190,18,0.33
2,17,77.25,1190,18,0.33
2,17,77.23333333,1189,18,0.33
2,17,77.21666667,1187,18,0.33
2,17,77.2,1183,17,0.33
2,17,77.18333333,1179,17,0.33
2,17,77.16666667,1174,17,0.33
2,17,77.15,1167,17,0.33
2,17,77.13333333,1164,17,0.33
2,17,77.11666667,1161,17,0.33
2,17,77.1,1158,17,0.33
2,17,77.08333333,1155,17,0.32
2,17,77.06666667,1154,17,0.32
2,17,77.05,1153,17,0.32
2,17,77.03333333,1150,17,0.32
2,17,77.01666667,1154,17,0.32
2,17,77,1154,17,0.32
2,17,76.98333333,1152,17,0.32
2,17,76.96666667,1154,17,0.32
2,17,76.95,1155,17,0.32
2,17,76.93333333,1153,17,0.32
2,17,76.91666667,1152,17,0.32
2,17,76.9,1151,17,0.32
2,17,76.88333333,1151,17,0.32
2,17,76.86666667,1152,17,0.32
2,17,76.85,1152,17,0.32
2,17,76.83333333,1152,17,0.32
2,17,76.81666667,1152,17,0.32
2,17,76.8,1153,17,0.32
2,17,76.78333333,1152,17,0.32
2,17,76.76666667,1153,17,0.32
2,17,76.75,1153,17,0.32
2,17,76.73333333,1153,17,0.32
2,17,76.71666667,1152,17,0.32
2,17,76.7,1153,17,0.32
2,17,76.68333333,1152,17,0.32
2,17,76.66666667,1151,17,0.32
2,17,76.65,1151,17,0.32
2,17,76.63333333,1151,17,0.32
2,17,76.61666667,1149,17,0.32
2,17,76.6,1150,17,0.32
2,17,76.58333333,1147,17,0.32
2,17,76.56666667,1149,17,0.32
2,17,76.55,1148,17,0.32
2,17,76.53333333,1145,17,0.32
2,17,76.51666667,1145,17,0.32
2,17,76.5,1144,17,0.32
2,17,76.48333333,1145,17,0.32
2,17,76.46666667,1143,17,0.32
2,17,76.45,1144,17,0.32
2,17,76.43333333,1145,17,0.32
2,17,76.41666667,1145,17,0.32
2,17,76.4,1146,17,0.32
2,17,76.38333333,1146,17,0.32
2,17,76.36666667,1144,17,0.32
2,17,76.35,1144,17,0.32
2,17,76.33333333,1145,17,0.32
2,17,76.31666667,1146,17,0.32
2,17,76.3,1144,17,0.32
2,17,76.28333333,1143,17,0.32
2,17,76.26666667,1145,17,0.32
2,17,76.25,1145,17,0.32
2,17,76.23333333,1145,17,0.32
2,17,76.21666667,1145,17,0.32
2,17,76.2,1145,17,0.32
2,17,76.18333333,1145,17,0.32
2,17,76.16666667,1143,17,0.32
2,17,76.15,1146,17,0.32
2,17,76.13333333,1145,17,0.32
2,17,76.11666667,1145,17,0.32
2,17,76.1,1146,17,0.32
2,17,76.08333333,1146,17,0.32
2,17,76.06666667,1146,17,0.32
2,17,76.05,1146,17,0.32
2,17,76.03333333,1145,18,0.32
2,17,76.01666667,1147,18,0.32
2,17,76,1147,17,0.32
2,17,75.98333333,1147,17,0.32
2,17,75.96666667,1147,17,0.32
2,17,75.95,1146,17,0.32
2,17,75.93333333,1147,17,0.32
2,17,75.91666667,1149,17,0.32
2,17,75.9,1147,17,0.32
2,17,75.88333333,1147,17,0.32
2,17,75.86666667,1146,18,0.32
2,17,75.85,1147,18,0.32
2,17,75.83333333,1146,18,0.32
2,17,75.81666667,1145,17,0.32
2,17,75.8,1146,17,0.32
2,17,75.78333333,1146,18,0.32
2,17,75.76666667,1145,18,0.32
2,17,75.75,1144,17,0.32
2,17,75.73333333,1143,17,0.32
2,17,75.71666667,1143,18,0.32
2,17,75.7,1143,18,0.32
2,17,75.68333333,1143,18,0.32
2,17,75.66666667,1142,18,0.32
2,17,75.65,1142,17,0.32
2,17,75.63333333,1143,18,0.32
2,17,75.61666667,1144,18,0.32
2,17,75.6,1145,18,0.32
2,17,75.58333333,1144,18,0.32
2,17,75.56666667,1144,18,0.32
2,17,75.55,1144,18,0.32
2,17,75.53333333,1143,18,0.32
2,17,75.51666667,1144,18,0.32
2,17,75.5,1144,18,0.32
2,17,75.48333333,1145,18,0.32
2,17,75.46666667,1145,18,0.32
2,17,75.45,1143,18,0.32
2,17,75.43333333,1143,18,0.32
2,17,75.41666667,1146,18,0.32
2,17,75.4,1146,18,0.32
2,17,75.38333333,1145,18,0.32
2,17,75.36666667,1145,18,0.32
2,17,75.35,1144,18,0.32
2,17,75.33333333,1144,18,0.32
2,17,75.31666667,1146,18,0.32
2,17,75.3,1142,18,0.32
2,17,75.28333333,1141,18,0.32
2,17,75.26666667,1140,18,0.32
2,17,75.25,1140,18,0.32
2,17,75.23333333,1141,18,0.32
2,17,75.21666667,1141,18,0.32
2,17,75.2,1140,18,0.32
2,17,75.18333333,1141,18,0.32
2,17,75.16666667,1140,18,0.32
2,17,75.15,1142,18,0.32
2,17,75.13333333,1144,18,0.32
2,17,75.11666667,1145,18,0.32
2,17,75.1,1145,18,0.32
2,17,75.08333333,1146,18,0.32
2,17,75.06666667,1148,18,0.32
2,17,75.05,1147,18,0.32
2,17,75.03333333,1147,18,0.32
2,17,75.01666667,1146,18,0.32
2,17,75,1145,18,0.32
2,17,74.98333333,1145,18,0.32
2,17,74.96666667,1143,18,0.32
2,17,74.95,1142,18,0.32
2,17,74.93333333,1141,18,0.32
2,17,74.91666667,1142,18,0.32
2,17,74.9,1142,18,0.32
2,17,74.88333333,1142,18,0.32
2,17,74.86666667,1141,18,0.32
2,17,74.85,1141,18,0.32
2,17,74.83333333,1142,18,0.32
2,17,74.81666667,1142,18,0.32
2,17,74.8,1143,18,0.31
2,17,74.78333333,1144,18,0.32
2,17,74.76666667,1145,18,0.32
2,17,74.75,1143,18,0.32
2,17,74.73333333,1144,18,0.32
2,17,74.71666667,1145,18,0.31
2,17,74.7,1144,18,0.32
2,17,74.68333333,1144,18,0.32
2,17,74.66666667,1144,18,0.32
2,17,74.65,1144,18,0.31
2,17,74.63333333,1144,18,0.31
2,17,74.61666667,1145,18,0.31
2,17,74.6,1145,18,0.32
2,17,74.58333333,1147,18,0.32
2,17,74.56666667,1147,18,0.31
2,17,74.55,1149,18,0.32
2,17,74.53333333,1149,18,0.32
2,17,74.51666667,1151,18,0.32
2,17,74.5,1151,18,0.32
2,17,74.48333333,1151,18,0.32
2,17,74.46666667,1151,18,0.32
2,17,74.45,1150,18,0.32
2,17,74.43333333,1151,18,0.32
2,17,74.41666667,1153,18,0.32
2,17,74.4,1156,18,0.32
2,17,74.38333333,1155,18,0.32
2,17,74.36666667,1155,18,0.32
2,17,74.35,1155,18,0.32
2,17,74.33333333,1156,18,0.32
2,17,74.31666667,1155,18,0.32
2,17,74.3,1153,18,0.32
2,17,74.28333333,1153,18,0.32
2,17,74.26666667,1153,18,0.32
2,17,74.25,1153,18,0.32
2,17,74.23333333,1153,18,0.32
2,17,74.21666667,1153,18,0.32
2,17,74.2,1153,18,0.32
2,17,74.18333333,1153,18,0.32
2,17,74.16666667,1153,18,0.32
2,17,74.15,1154,18,0.32
2,17,74.13333333,1154,18,0.32
2,17,74.11666667,1153,18,0.32
2,17,74.1,1153,18,0.32
2,17,74.08333333,1153,18,0.32
2,17,74.06666667,1153,18,0.32
2,17,74.05,1153,18,0.32
2,17,74.03333333,1151,18,0.32
2,17,74.01666667,1150,18,0.31
2,17,74,1151,18,0.31
2,17,73.98333333,1150,18,0.31
2,17,73.96666667,1150,18,0.31
2,17,73.95,1150,18,0.31
2,17,73.93333333,1149,18,0.31
2,17,73.91666667,1148,18,0.31
2,17,73.9,1147,18,0.31
2,17,73.88333333,1146,18,0.31
2,17,73.86666667,1145,18,0.31
2,17,73.85,1144,18,0.31
2,17,73.83333333,1142,18,0.31
2,17,73.81666667,1143,18,0.31
2,17,73.8,1142,18,0.31
2,17,73.78333333,1140,18,0.31
2,17,73.76666667,1141,18,0.31
2,17,73.75,1139,18,0.31
2,17,73.73333333,1138,18,0.31
2,17,73.71666667,1138,18,0.31
2,17,73.7,1136,18,0.31
2,17,73.68333333,1135,18,0.31
2,17,73.66666667,1136,18,0.31
2,17,73.65,1135,18,0.31
2,17,73.63333333,1134,18,0.31
2,17,73.61666667,1134,18,0.31
2,17,73.6,1135,18,0.31
2,17,73.58333333,1135,18,0.31
2,17,73.56666667,1133,18,0.31
2,17,73.55,1134,18,0.31
2,17,73.53333333,1135,18,0.31
2,17,73.51666667,1135,18,0.31
2,17,73.5,1134,18,0.31
2,17,73.48333333,1135,18,0.31
2,17,73.46666667,1134,18,0.31
2,17,73.45,1136,18,0.31
2,17,73.43333333,1135,18,0.31
2,17,73.41666667,1135,18,0.31
2,17,73.4,1135,18,0.31
2,17,73.38333333,1134,18,0.31
2,17,73.36666667,1134,18,0.31
2,17,73.35,1135,18,0.31
2,17,73.33333333,1133,18,0.31
2,17,73.31666667,1134,18,0.31
2,17,73.3,1135,18,0.31
2,17,73.28333333,1134,18,0.31
2,17,73.26666667,1134,18,0.31
2,17,73.25,1133,18,0.31
2,17,73.23333333,1134,18,0.31
2,17,73.21666667,1135,18,0.31
2,17,73.2,1134,18,0.31
2,17,73.18333333,1135,18,0.31
2,17,73.16666667,1134,18,0.31
2,17,73.15,1134,18,0.31
2,17,73.13333333,1133,18,0.31
2,17,73.11666667,1132,18,0.31
2,17,73.1,1131,18,0.31
2,17,73.08333333,1131,18,0.31
2,17,73.06666667,1131,18,0.31
2,17,73.05,1131,18,0.31
2,17,73.03333333,1130,18,0.31
2,17,73.01666667,1131,18,0.31
2,17,73,1129,18,0.31
2,17,72.98333333,1128,18,0.31
2,17,72.96666667,1128,18,0.31
2,17,72.95,1127,18,0.31
2,17,72.93333333,1128,18,0.31
2,17,72.91666667,1128,18,0.31
2,17,72.9,1128,18,0.31
2,17,72.88333333,1127,18,0.31
2,17,72.86666667,1127,18,0.31
2,17,72.85,1126,18,0.31
2,17,72.83333333,1126,18,0.31
2,17,72.81666667,1126,18,0.31
2,17,72.8,1126,18,0.31
2,17,72.78333333,1124,18,0.31
2,17,72.76666667,1125,18,0.31
2,17,72.75,1124,18,0.31
2,17,72.73333333,1124,18,0.31
2,17,72.71666667,1124,18,0.31
2,17,72.7,1125,18,0.31
2,17,72.68333333,1124,18,0.31
2,17,72.66666667,1124,18,0.31
2,17,72.65,1124,18,0.31
2,17,72.63333333,1124,18,0.31
2,17,72.61666667,1123,18,0.31
2,17,72.6,1123,18,0.31
2,17,72.58333333,1122,18,0.31
2,17,72.56666667,1121,18,0.31
2,17,72.55,1122,18,0.31
2,17,72.53333333,1121,18,0.31
2,17,72.51666667,1122,18,0.31
2,17,72.5,1122,18,0.31
2,17,72.48333333,1122,18,0.31
2,17,72.46666667,1121,18,0.31
2,17,72.45,1124,18,0.31
2,17,72.43333333,1124,18,0.31
2,17,72.41666667,1123,18,0.31
2,17,72.4,1121,18,0.31
2,17,72.38333333,1121,18,0.31
2,17,72.36666667,1121,18,0.31
2,17,72.35,1121,18,0.3
2,17,72.33333333,1120,18,0.3
2,17,72.31666667,1120,18,0.3
2,17,72.3,1121,18,0.3
2,17,72.28333333,1121,18,0.3
2,17,72.26666667,1120,18,0.3
2,17,72.25,1120,18,0.3
2,17,72.23333333,1119,18,0.3
2,17,72.21666667,1120,18,0.3
2,17,72.2,1119,18,0.3
2,17,72.18333333,1118,18,0.31
2,17,72.16666667,1116,18,0.3
2,17,72.15,1115,18,0.3
2,17,72.13333333,1116,18,0.3
2,17,72.11666667,1115,18,0.3
2,17,72.1,1115,18,0.3
2,17,72.08333333,1115,18,0.3
2,17,72.06666667,1115,18,0.3
2,17,72.05,1115,18,0.3
2,17,72.03333333,1113,18,0.3
2,17,72.01666667,1115,18,0.3
2,17,72,1115,18,0.3
2,16,57.98333333,837,20,0.26
2,16,57.96666667,837,20,0.26
2,16,57.95,839,20,0.26
2,16,57.93333333,841,20,0.26
2,16,57.91666667,843,20,0.26
2,16,57.9,845,20,0.26
2,16,57.88333333,846,20,0.26
2,16,57.86666667,847,20,0.26
2,16,57.85,849,20,0.26
2,16,57.83333333,849,20,0.26
2,16,57.81666667,851,20,0.26
2,16,57.8,852,20,0.26
2,16,57.78333333,853,20,0.26
2,16,57.76666667,855,20,0.26
2,16,57.75,856,20,0.26
2,16,57.73333333,858,20,0.26
2,16,57.71666667,859,20,0.26
2,16,57.7,861,20,0.26
2,16,57.68333333,862,20,0.26
2,16,57.66666667,864,20,0.26
2,16,57.65,867,20,0.26
2,16,57.63333333,870,20,0.26
2,16,57.61666667,871,20,0.26
2,16,57.6,872,20,0.26
2,16,57.58333333,874,20,0.26
2,16,57.56666667,875,20,0.26
2,16,57.55,875,20,0.26
2,16,57.53333333,877,20,0.26
2,16,57.51666667,879,20,0.26
2,16,57.5,879,20,0.26
2,16,57.48333333,879,20,0.26
2,16,57.46666667,885,20,0.26
2,16,57.45,888,20,0.26
2,16,57.43333333,890,20,0.26
2,16,57.41666667,891,20,0.26
2,16,57.4,894,20,0.26
2,16,57.38333333,894,20,0.26
2,16,57.36666667,894,20,0.26
2,16,57.35,899,20,0.26
2,16,57.33333333,901,20,0.26
2,16,57.31666667,902,20,0.26
2,16,57.3,904,20,0.26
2,16,57.28333333,906,20,0.26
2,16,57.26666667,907,20,0.26
2,16,57.25,909,21,0.26
2,16,57.23333333,913,21,0.26
2,16,57.21666667,916,20,0.26
2,16,57.2,918,20,0.26
2,16,57.18333333,919,20,0.26
2,16,57.16666667,921,21,0.26
2,16,57.15,930,21,0.26
2,16,57.13333333,933,21,0.26
2,16,57.11666667,936,20,0.26
2,16,57.1,939,21,0.26
2,16,57.08333333,942,21,0.26
2,16,57.06666667,948,21,0.26
2,16,57.05,949,21,0.26
2,16,57.03333333,958,21,0.26
2,16,57.01666667,960,21,0.26
2,16,57,962,21,0.26
2,16,56.98333333,959,21,0.26
2,16,56.96666667,952,21,0.26
2,16,56.95,954,21,0.26
2,16,56.93333333,949,21,0.25
2,16,56.91666667,949,21,0.25
2,16,56.9,945,21,0.25
2,16,56.88333333,942,21,0.26
2,16,56.86666667,935,21,0.26
2,16,56.85,934,21,0.25
2,16,56.83333333,934,21,0.25
2,16,56.81666667,923,21,0.25
2,16,56.8,923,21,0.25
2,16,56.78333333,921,21,0.25
2,16,56.76666667,921,21,0.25
2,16,56.75,922,21,0.25
2,16,56.73333333,924,21,0.25
2,16,56.71666667,926,21,0.25
2,16,56.7,927,21,0.25
2,16,56.68333333,931,21,0.25
2,16,56.66666667,933,21,0.25
2,16,56.65,936,21,0.25
2,16,56.63333333,937,21,0.25
2,16,56.61666667,937,21,0.25
2,16,56.6,937,21,0.25
2,16,56.58333333,940,21,0.25
2,16,56.56666667,941,21,0.25
2,16,56.55,945,21,0.25
2,16,56.53333333,947,21,0.25
2,16,56.51666667,949,21,0.25
2,16,56.5,947,21,0.25
2,16,56.48333333,946,21,0.25
2,16,56.46666667,940,21,0.25
2,16,56.45,938,21,0.25
2,16,56.43333333,939,21,0.25
2,16,56.41666667,940,21,0.25
2,16,56.4,941,21,0.25
2,16,56.38333333,942,21,0.25
2,16,56.36666667,944,21,0.25
2,16,56.35,944,21,0.25
2,16,56.33333333,944,21,0.25
2,16,56.31666667,949,21,0.25
2,16,56.3,948,21,0.25
2,16,56.28333333,948,21,0.25
2,16,56.26666667,948,21,0.25
2,16,56.25,949,21,0.25
2,16,56.23333333,959,21,0.25
2,16,56.21666667,975,20,0.25
2,16,56.2,975,20,0.25
2,16,56.18333333,981,20,0.25
2,16,56.16666667,982,20,0.25
2,16,56.15,984,20,0.25
2,16,56.13333333,987,20,0.25
2,16,56.11666667,987,21,0.25
2,16,56.1,992,21,0.25
2,16,56.08333333,994,21,0.25
2,16,56.06666667,996,21,0.25
2,16,56.05,963,20,0.25
2,16,56.03333333,965,20,0.25
2,16,56.01666667,969,20,0.25
2,16,56,972,20,0.25
2,16,55.98333333,972,20,0.25
2,16,55.96666667,974,20,0.25
2,16,55.95,976,20,0.25
2,16,55.93333333,990,20,0.25
2,16,55.91666667,995,21,0.25
2,16,55.9,999,21,0.25
2,16,55.88333333,1003,20,0.25
2,16,55.86666667,1007,20,0.25
2,16,55.85,1013,20,0.25
2,16,55.83333333,1016,20,0.25
2,16,55.81666667,1018,20,0.25
2,16,55.8,1029,20,0.25
2,16,55.78333333,1034,20,0.25
2,16,55.76666667,1032,20,0.25
2,16,55.75,1030,20,0.25
2,16,55.73333333,1033,20,0.26
2,16,55.71666667,1040,20,0.26
2,16,55.7,1041,20,0.25
2,16,55.68333333,1047,20,0.25
2,16,55.66666667,1049,20,0.25
2,16,55.65,1053,20,0.26
2,16,55.63333333,1057,20,0.26
2,16,55.61666667,1058,20,0.26
2,16,55.6,1065,20,0.26
2,16,55.58333333,1067,21,0.26
2,16,55.56666667,1070,21,0.26
2,16,55.55,1080,20,0.26
2,16,55.53333333,1080,20,0.26
2,16,55.51666667,1080,20,0.26
2,16,55.5,1074,20,0.26
2,16,55.48333333,1052,20,0.26
2,16,55.46666667,1036,20,0.26
2,16,55.45,1046,20,0.26
2,16,55.43333333,1067,20,0.26
2,16,55.41666667,1090,21,0.26
2,16,55.4,1102,21,0.26
2,16,55.38333333,1108,20,0.26
2,16,55.36666667,1121,20,0.26
2,16,55.35,1158,21,0.27
2,16,55.33333333,1163,21,0.27
2,16,55.31666667,1166,21,0.27
2,16,55.3,1147,21,0.27
2,16,55.28333333,1145,21,0.27
2,16,55.26666667,1143,21,0.27
2,16,55.25,1142,21,0.27
2,16,55.23333333,1145,21,0.27
2,16,55.21666667,1157,20,0.27
2,16,55.2,1164,20,0.27
2,16,55.18333333,1155,20,0.27
2,16,55.16666667,1154,20,0.27
2,16,55.15,1161,20,0.27
2,16,55.13333333,1160,20,0.27
2,16,55.11666667,1162,20,0.27
2,16,55.1,1144,20,0.27
2,16,55.08333333,1126,20,0.27
2,16,55.06666667,1127,20,0.28
2,16,55.05,1114,20,0.28
2,16,55.03333333,1116,20,0.28
2,16,55.01666667,1103,20,0.27
2,16,55,1103,20,0.27
2,16,54.98333333,1104,20,0.27
2,16,54.96666667,1101,20,0.27
2,16,54.95,1097,20,0.27
2,16,54.93333333,1095,20,0.27
2,16,54.91666667,1095,20,0.27
2,16,54.9,1095,20,0.27
2,16,54.88333333,1095,20,0.27
2,16,54.86666667,1098,20,0.27
2,16,54.85,1098,20,0.28
2,16,54.83333333,1097,20,0.28
2,16,54.81666667,1098,20,0.28
2,16,54.8,1101,20,0.28
2,16,54.78333333,1101,20,0.28
2,16,54.76666667,1100,20,0.28
2,16,54.75,1099,20,0.28
2,16,54.73333333,1092,20,0.28
2,16,54.71666667,1085,20,0.28
2,16,54.7,1085,19,0.28
2,16,54.68333333,1088,19,0.28
2,16,54.66666667,1091,19,0.28
2,16,54.65,1090,19,0.28
2,16,54.63333333,1083,19,0.28
2,16,54.61666667,1067,19,0.28
2,16,54.6,1057,19,0.28
2,16,54.58333333,1055,19,0.28
2,16,54.56666667,1051,19,0.28
2,16,54.55,1049,19,0.28
2,16,54.53333333,1044,19,0.28
2,16,54.51666667,1040,19,0.28
2,16,54.5,1034,19,0.28
2,16,54.48333333,1033,19,0.28
2,16,54.46666667,1025,19,0.28
2,16,54.45,1013,19,0.28
2,16,54.43333333,995,19,0.28
2,16,54.41666667,983,19,0.28
2,16,54.4,979,19,0.28
2,16,54.38333333,978,19,0.28
2,16,54.36666667,977,19,0.28
2,16,54.35,976,19,0.28
2,16,54.33333333,975,19,0.28
2,16,54.31666667,973,19,0.28
2,16,54.3,972,19,0.28
2,16,54.28333333,970,19,0.28
2,16,54.26666667,969,19,0.28
2,16,54.25,971,19,0.29
2,16,54.23333333,970,19,0.29
2,16,54.21666667,969,19,0.29
2,16,54.2,967,19,0.29
2,16,54.18333333,999,19,0.29
2,16,54.16666667,998,19,0.29
2,16,54.15,996,19,0.29
2,16,54.13333333,995,19,0.29
2,16,54.11666667,994,19,0.29
2,16,54.1,995,19,0.28
2,16,54.08333333,994,19,0.28
2,16,54.06666667,994,19,0.28
2,16,54.05,994,19,0.28
2,16,54.03333333,993,18,0.28
2,16,54.01666667,994,18,0.28
2,16,54,994,18,0.28
2,16,53.98333333,992,18,0.28
2,16,53.96666667,991,18,0.28
2,16,53.95,992,18,0.28
2,16,53.93333333,990,18,0.27
2,16,53.91666667,991,18,0.27
2,16,53.9,988,18,0.27
2,16,53.88333333,987,18,0.27
2,16,53.86666667,987,18,0.27
2,16,53.85,987,18,0.27
2,16,53.83333333,988,18,0.27
2,16,53.81666667,987,18,0.27
2,16,53.8,986,18,0.27
2,16,53.78333333,985,18,0.27
2,16,53.76666667,983,18,0.27
2,16,53.75,982,18,0.27
2,16,53.73333333,983,18,0.27
2,16,53.71666667,982,18,0.27
2,16,53.7,981,18,0.27
2,16,53.68333333,981,18,0.27
2,16,53.66666667,981,18,0.28
2,16,53.65,981,18,0.28
2,16,53.63333333,979,18,0.28
2,16,53.61666667,978,18,0.28
2,16,53.6,976,18,0.28
2,16,53.58333333,975,18,0.28
2,16,53.56666667,975,18,0.28
2,16,53.55,975,18,0.28
2,16,53.53333333,974,18,0.28
2,16,53.51666667,974,17,0.28
2,16,53.5,974,17,0.28
2,16,53.48333333,972,17,0.28
2,16,53.46666667,971,17,0.28
2,16,53.45,970,17,0.28
2,16,53.43333333,969,17,0.28
2,16,53.41666667,968,17,0.28
2,16,53.4,966,17,0.28
2,16,53.38333333,965,17,0.28
2,16,53.36666667,964,17,0.28
2,16,53.35,964,17,0.28
2,16,53.33333333,963,17,0.28
2,16,53.31666667,963,17,0.28
2,16,53.3,964,17,0.28
2,16,53.28333333,963,17,0.28
2,16,53.26666667,961,17,0.28
2,16,53.25,962,17,0.28
2,16,53.23333333,961,17,0.28
2,16,53.21666667,960,17,0.28
2,16,53.2,960,16,0.28
2,16,53.18333333,960,16,0.28
2,16,53.16666667,959,16,0.28
2,16,53.15,960,16,0.28
2,16,53.13333333,960,16,0.28
2,16,53.11666667,961,16,0.28
2,16,53.1,963,16,0.28
2,16,53.08333333,963,16,0.28
2,16,53.06666667,963,16,0.28
2,16,53.05,961,16,0.28
2,16,53.03333333,960,16,0.28
2,16,53.01666667,958,16,0.28
2,16,53,956,16,0.28
2,16,52.98333333,956,16,0.28
2,16,52.96666667,956,16,0.28
2,16,52.95,956,16,0.28
2,16,52.93333333,957,16,0.28
2,16,52.91666667,958,16,0.28
2,16,52.9,957,16,0.28
2,16,52.88333333,955,16,0.28
2,16,52.86666667,954,16,0.28
2,16,52.85,954,16,0.28
2,16,52.83333333,954,16,0.28
2,16,52.81666667,955,16,0.28
2,16,52.8,956,16,0.28
2,16,52.78333333,956,16,0.28
2,16,52.76666667,956,16,0.28
2,16,52.75,953,16,0.28
2,16,52.73333333,951,16,0.28
2,16,52.71666667,951,16,0.28
2,16,52.7,951,16,0.28
2,16,52.68333333,952,16,0.28
2,16,52.66666667,953,16,0.28
2,16,52.65,954,16,0.28
2,16,52.63333333,953,16,0.28
2,16,52.61666667,951,16,0.28
2,16,52.6,951,16,0.28
2,16,52.58333333,950,16,0.28
2,16,52.56666667,949,16,0.28
2,16,52.55,949,16,0.28
2,16,52.53333333,952,16,0.28
2,16,52.51666667,955,16,0.28
2,16,52.5,955,16,0.28
2,16,52.48333333,954,16,0.28
2,16,52.46666667,948,16,0.28
2,16,52.45,947,16,0.28
2,16,52.43333333,947,16,0.28
2,16,52.41666667,948,16,0.28
2,16,52.4,948,16,0.28
2,16,52.38333333,950,16,0.28
2,16,52.36666667,951,16,0.28
2,16,52.35,950,16,0.28
2,16,52.33333333,946,16,0.28
2,16,52.31666667,946,16,0.28
2,16,52.3,945,16,0.28
2,16,52.28333333,945,16,0.28
2,16,52.26666667,946,16,0.28
2,16,52.25,946,16,0.28
2,16,52.23333333,948,16,0.28
2,16,52.21666667,949,16,0.28
2,16,52.2,948,16,0.28
2,16,52.18333333,946,16,0.28
2,16,52.16666667,946,16,0.28
2,16,52.15,946,16,0.28
2,16,52.13333333,944,16,0.28
2,16,52.11666667,944,16,0.28
2,16,52.1,945,16,0.28
2,16,52.08333333,948,16,0.28
2,16,52.06666667,948,16,0.28
2,16,52.05,945,16,0.28
2,16,52.03333333,943,16,0.28
2,16,52.01666667,942,16,0.28
2,16,52,941,16,0.28
2,16,51.98333333,942,16,0.28
2,16,51.96666667,941,16,0.28
2,16,51.95,940,16,0.28
2,16,51.93333333,947,16,0.28
2,16,51.91666667,945,16,0.28
2,16,51.9,943,16,0.28
2,16,51.88333333,943,16,0.28
2,16,51.86666667,942,16,0.28
2,16,51.85,941,16,0.28
2,16,51.83333333,942,16,0.28
2,16,51.81666667,942,16,0.28
2,16,51.8,944,16,0.28
2,16,51.78333333,944,16,0.28
2,16,51.76666667,942,16,0.28
2,16,51.75,942,16,0.28
2,16,51.73333333,942,16,0.28
2,16,51.71666667,939,16,0.28
2,16,51.7,941,16,0.28
2,16,51.68333333,940,16,0.28
2,16,51.66666667,943,16,0.28
2,16,51.65,945,16,0.28
2,16,51.63333333,943,16,0.28
2,16,51.61666667,941,16,0.28
2,16,51.6,940,16,0.28
2,16,51.58333333,941,16,0.28
2,16,51.56666667,940,16,0.28
2,16,51.55,940,16,0.28
2,16,51.53333333,940,16,0.28
2,16,51.51666667,944,16,0.28
2,16,51.5,939,16,0.28
2,16,51.48333333,938,16,0.28
2,16,51.46666667,937,16,0.28
2,16,51.45,937,16,0.28
2,16,51.43333333,938,16,0.28
2,16,51.41666667,938,16,0.28
2,16,51.4,938,16,0.28
2,16,51.38333333,939,16,0.28
2,16,51.36666667,941,16,0.28
2,16,51.35,939,16,0.28
2,16,51.33333333,939,16,0.28
2,16,51.31666667,939,16,0.28
2,16,51.3,938,16,0.28
2,16,51.28333333,938,16,0.28
2,16,51.26666667,937,16,0.28
2,16,51.25,938,16,0.28
2,16,51.23333333,938,16,0.28
2,16,51.21666667,938,16,0.28
2,16,51.2,937,16,0.28
2,16,51.18333333,936,16,0.28
2,16,51.16666667,936,16,0.28
2,16,51.15,936,16,0.28
2,16,51.13333333,936,16,0.28
2,16,51.11666667,936,16,0.28
2,16,51.1,936,16,0.28
2,16,51.08333333,937,16,0.28
2,16,51.06666667,936,16,0.28
2,16,51.05,935,16,0.28
2,16,51.03333333,934,16,0.28
2,16,51.01666667,934,16,0.28
2,16,51,933,16,0.28
2,16,50.98333333,933,16,0.28
2,16,50.96666667,931,16,0.28
2,16,50.95,931,16,0.28
2,16,50.93333333,931,16,0.28
2,16,50.91666667,930,16,0.28
2,16,50.9,932,16,0.28
2,16,50.88333333,931,16,0.28
2,16,50.86666667,932,16,0.28
2,16,50.85,932,16,0.28
2,16,50.83333333,932,16,0.28
2,16,50.81666667,931,16,0.28
2,16,50.8,930,16,0.28
2,16,50.78333333,931,16,0.28
2,16,50.76666667,930,16,0.28
2,16,50.75,929,16,0.28
2,16,50.73333333,928,16,0.28
2,16,50.71666667,930,16,0.28
2,16,50.7,930,16,0.28
2,16,50.68333333,930,16,0.28
2,16,50.66666667,929,16,0.28
2,16,50.65,929,16,0.28
2,16,50.63333333,928,16,0.28
2,16,50.61666667,927,16,0.28
2,16,50.6,926,16,0.28
2,16,50.58333333,926,16,0.28
2,16,50.56666667,927,16,0.28
2,16,50.55,926,16,0.28
2,16,50.53333333,925,16,0.28
2,16,50.51666667,926,16,0.28
2,16,50.5,925,16,0.28
2,16,50.48333333,924,16,0.28
2,16,50.46666667,923,16,0.28
2,16,50.45,926,16,0.28
2,16,50.43333333,926,16,0.28
2,16,50.41666667,926,16,0.28
2,16,50.4,926,16,0.28
2,16,50.38333333,925,16,0.28
2,16,50.36666667,925,16,0.28
2,16,50.35,925,16,0.28
2,16,50.33333333,925,16,0.28
2,16,50.31666667,926,16,0.28
2,16,50.3,927,16,0.28
2,16,50.28333333,926,16,0.28
2,16,50.26666667,925,16,0.28
2,16,50.25,925,16,0.28
2,16,50.23333333,924,16,0.28
2,16,50.21666667,924,16,0.28
2,16,50.2,925,16,0.28
2,16,50.18333333,923,16,0.28
2,16,50.16666667,926,16,0.28
2,16,50.15,927,16,0.28
2,16,50.13333333,928,16,0.28
2,16,50.11666667,928,16,0.28
2,16,50.1,928,16,0.28
2,16,50.08333333,928,16,0.28
2,16,50.06666667,925,16,0.28
2,16,50.05,925,16,0.28
2,16,50.03333333,923,16,0.28
2,16,50.01666667,923,16,0.28
2,16,50,923,16,0.28
2,16,49.98333333,923,16,0.28
2,16,49.96666667,926,16,0.28
2,16,49.95,926,16,0.28
2,16,49.93333333,924,16,0.28
2,16,49.91666667,926,16,0.27
2,16,49.9,928,16,0.28
2,16,49.88333333,927,16,0.28
2,16,49.86666667,928,16,0.28
2,16,49.85,926,16,0.28
2,16,49.83333333,925,17,0.28
2,16,49.81666667,925,17,0.28
2,16,49.8,925,17,0.28
2,16,49.78333333,927,17,0.28
2,16,49.76666667,927,17,0.28
2,16,49.75,926,17,0.28
2,16,49.73333333,925,17,0.27
2,16,49.71666667,926,17,0.28
2,16,49.7,924,17,0.27
2,16,49.68333333,924,17,0.27
2,16,49.66666667,924,17,0.27
2,16,49.65,924,17,0.27
2,16,49.63333333,924,17,0.27
2,16,49.61666667,924,17,0.27
2,16,49.6,923,17,0.27
2,16,49.58333333,923,17,0.27
2,16,49.56666667,921,17,0.27
2,16,49.55,923,17,0.27
2,16,49.53333333,923,17,0.27
2,16,49.51666667,924,17,0.27
2,16,49.5,924,17,0.27
2,16,49.48333333,924,17,0.27
2,16,49.46666667,925,17,0.27
2,16,49.45,924,17,0.27
2,16,49.43333333,924,17,0.27
2,16,49.41666667,923,17,0.27
2,16,49.4,923,17,0.27
2,16,49.38333333,923,17,0.27
2,16,49.36666667,924,17,0.27
2,16,49.35,925,17,0.27
2,16,49.33333333,926,17,0.27
2,16,49.31666667,926,17,0.27
2,16,49.3,926,17,0.27
2,16,49.28333333,925,17,0.27
2,16,49.26666667,925,17,0.27
2,16,49.25,924,17,0.27
2,16,49.23333333,925,17,0.28
2,16,49.21666667,926,17,0.28
2,16,49.2,926,17,0.28
2,16,49.18333333,925,17,0.27
2,16,49.16666667,925,17,0.28
2,16,49.15,924,17,0.28
2,16,49.13333333,925,17,0.28
2,16,49.11666667,925,17,0.27
2,16,49.1,926,17,0.27
2,16,49.08333333,927,17,0.27
2,16,49.06666667,925,17,0.27
2,16,49.05,924,17,0.27
2,16,49.03333333,923,17,0.27
2,16,49.01666667,924,17,0.27
2,16,49,925,17,0.27
2,16,48.98333333,923,17,0.27
2,16,48.96666667,923,17,0.27
2,16,48.95,923,17,0.27
2,16,48.93333333,923,17,0.27
2,16,48.91666667,922,17,0.27
2,16,48.9,922,17,0.27
2,16,48.88333333,923,17,0.27
2,16,48.86666667,923,17,0.27
2,16,48.85,922,17,0.27
2,16,48.83333333,921,17,0.27
2,16,48.81666667,921,17,0.27
2,16,48.8,921,17,0.27
2,16,48.78333333,920,17,0.27
2,16,48.76666667,921,17,0.27
2,16,48.75,921,17,0.27
2,16,48.73333333,921,17,0.27
2,16,48.71666667,921,17,0.27
2,16,48.7,921,17,0.27
2,16,48.68333333,922,17,0.27
2,16,48.66666667,922,17,0.27
2,16,48.65,922,17,0.27
2,16,48.63333333,923,17,0.27
2,16,48.61666667,921,17,0.27
2,16,48.6,921,17,0.27
2,16,48.58333333,921,17,0.27
2,16,48.56666667,923,17,0.27
2,16,48.55,923,17,0.27
2,16,48.53333333,923,17,0.27
2,16,48.51666667,922,17,0.27
2,16,48.5,922,17,0.27
2,16,48.48333333,923,17,0.27
2,16,48.46666667,922,17,0.27
2,16,48.45,923,17,0.27
2,16,48.43333333,921,17,0.27
2,16,48.41666667,922,17,0.27
2,16,48.4,922,17,0.27
2,16,48.38333333,923,17,0.27
2,16,48.36666667,924,17,0.27
2,16,48.35,924,17,0.27
2,16,48.33333333,923,17,0.27
2,16,48.31666667,924,17,0.27
2,16,48.3,925,17,0.27
2,16,48.28333333,924,17,0.27
2,16,48.26666667,924,18,0.27
2,16,48.25,924,18,0.27
2,16,48.23333333,924,18,0.27
2,16,48.21666667,924,18,0.27
2,16,48.2,923,18,0.27
2,16,48.18333333,924,18,0.27
2,16,48.16666667,923,18,0.27
2,16,48.15,923,18,0.27
2,16,48.13333333,924,18,0.27
2,16,48.11666667,925,18,0.27
2,16,48.1,925,18,0.27
2,16,48.08333333,924,18,0.27
2,16,48.06666667,925,18,0.27
2,16,48.05,925,18,0.27
2,16,48.03333333,925,18,0.27
2,16,48.01666667,926,18,0.27
2,16,48,926,18,0.27
2,15,33.98333333,749,21,0.22
2,15,33.96666667,749,21,0.22
2,15,33.95,750,21,0.22
2,15,33.93333333,750,21,0.22
2,15,33.91666667,750,21,0.22
2,15,33.9,751,21,0.22
2,15,33.88333333,751,21,0.22
2,15,33.86666667,751,21,0.22
2,15,33.85,750,21,0.22
2,15,33.83333333,750,21,0.22
2,15,33.81666667,749,21,0.22
2,15,33.8,751,21,0.22
2,15,33.78333333,751,21,0.22
2,15,33.76666667,752,21,0.22
2,15,33.75,752,21,0.22
2,15,33.73333333,753,21,0.22
2,15,33.71666667,753,21,0.22
2,15,33.7,753,21,0.22
2,15,33.68333333,753,21,0.22
2,15,33.66666667,754,21,0.22
2,15,33.65,755,21,0.22
2,15,33.63333333,755,21,0.22
2,15,33.61666667,755,21,0.22
2,15,33.6,757,21,0.22
2,15,33.58333333,757,21,0.22
2,15,33.56666667,757,21,0.22
2,15,33.55,758,21,0.22
2,15,33.53333333,760,21,0.22
2,15,33.51666667,761,21,0.22
2,15,33.5,761,21,0.22
2,15,33.48333333,761,21,0.22
2,15,33.46666667,762,21,0.22
2,15,33.45,761,21,0.22
2,15,33.43333333,762,21,0.22
2,15,33.41666667,764,21,0.22
2,15,33.4,765,21,0.22
2,15,33.38333333,767,21,0.22
2,15,33.36666667,767,21,0.22
2,15,33.35,766,21,0.22
2,15,33.33333333,768,21,0.22
2,15,33.31666667,768,21,0.22
2,15,33.3,769,21,0.22
2,15,33.28333333,771,21,0.22
2,15,33.26666667,772,21,0.22
2,15,33.25,774,21,0.22
2,15,33.23333333,776,21,0.22
2,15,33.21666667,775,21,0.22
2,15,33.2,776,21,0.22
2,15,33.18333333,779,21,0.22
2,15,33.16666667,782,21,0.22
2,15,33.15,782,21,0.22
2,15,33.13333333,784,21,0.22
2,15,33.11666667,785,21,0.22
2,15,33.1,787,21,0.22
2,15,33.08333333,789,21,0.22
2,15,33.06666667,791,21,0.22
2,15,33.05,792,21,0.22
2,15,33.03333333,793,21,0.22
2,15,33.01666667,795,21,0.22
2,15,33,797,21,0.22
2,15,32.98333333,801,21,0.22
2,15,32.96666667,802,21,0.22
2,15,32.95,804,21,0.22
2,15,32.93333333,804,21,0.22
2,15,32.91666667,806,21,0.22
2,15,32.9,807,21,0.22
2,15,32.88333333,806,21,0.22
2,15,32.86666667,805,21,0.21
2,15,32.85,804,21,0.21
2,15,32.83333333,808,21,0.21
2,15,32.81666667,809,21,0.21
2,15,32.8,816,21,0.21
2,15,32.78333333,818,21,0.21
2,15,32.76666667,821,21,0.21
2,15,32.75,826,21,0.21
2,15,32.73333333,829,21,0.21
2,15,32.71666667,831,21,0.21
2,15,32.7,833,21,0.21
2,15,32.68333333,839,21,0.21
2,15,32.66666667,842,21,0.21
2,15,32.65,844,21,0.21
2,15,32.63333333,852,21,0.21
2,15,32.61666667,855,21,0.21
2,15,32.6,856,21,0.21
2,15,32.58333333,856,21,0.21
2,15,32.56666667,855,21,0.21
2,15,32.55,854,21,0.21
2,15,32.53333333,855,21,0.21
2,15,32.51666667,854,21,0.21
2,15,32.5,855,21,0.22
2,15,32.48333333,856,21,0.21
2,15,32.46666667,857,21,0.21
2,15,32.45,858,21,0.21
2,15,32.43333333,864,21,0.21
2,15,32.41666667,867,21,0.22
2,15,32.4,868,21,0.21
2,15,32.38333333,871,21,0.21
2,15,32.36666667,877,21,0.22
2,15,32.35,885,21,0.22
2,15,32.33333333,886,21,0.22
2,15,32.31666667,894,21,0.22
2,15,32.3,903,21,0.22
2,15,32.28333333,906,21,0.22
2,15,32.26666667,910,21,0.22
2,15,32.25,911,21,0.22
2,15,32.23333333,918,21,0.22
2,15,32.21666667,922,21,0.22
2,15,32.2,925,21,0.22
2,15,32.18333333,931,21,0.22
2,15,32.16666667,942,21,0.23
2,15,32.15,940,21,0.22
2,15,32.13333333,951,21,0.22
2,15,32.11666667,1032,21,0.23
2,15,32.1,923,21,0.22
2,15,32.08333333,917,21,0.22
2,15,32.06666667,915,21,0.21
2,15,32.05,916,21,0.21
2,15,32.03333333,925,21,0.22
2,15,32.01666667,929,21,0.22
2,15,32,936,21,0.22
2,15,31.98333333,940,21,0.22
2,15,31.96666667,946,21,0.22
2,15,31.95,953,21,0.22
2,15,31.93333333,959,21,0.22
2,15,31.91666667,962,21,0.22
2,15,31.9,970,21,0.22
2,15,31.88333333,978,21,0.22
2,15,31.86666667,984,20,0.22
2,15,31.85,996,20,0.22
2,15,31.83333333,1000,21,0.22
2,15,31.81666667,966,21,0.22
2,15,31.8,973,21,0.22
2,15,31.78333333,975,21,0.22
2,15,31.76666667,971,21,0.22
2,15,31.75,969,21,0.22
2,15,31.73333333,979,21,0.23
2,15,31.71666667,984,21,0.23
2,15,31.7,988,20,0.22
2,15,31.68333333,993,21,0.22
2,15,31.66666667,999,21,0.22
2,15,31.65,1002,21,0.22
2,15,31.63333333,1011,21,0.22
2,15,31.61666667,1015,21,0.22
2,15,31.6,1026,21,0.22
2,15,31.58333333,1029,21,0.22
2,15,31.56666667,1033,21,0.22
2,15,31.55,1042,21,0.22
2,15,31.53333333,1048,20,0.22
2,15,31.51666667,1054,21,0.22
2,15,31.5,1056,21,0.23
2,15,31.48333333,1055,21,0.23
2,15,31.46666667,1053,21,0.23
2,15,31.45,1056,21,0.23
2,15,31.43333333,1135,21,0.23
2,15,31.41666667,1024,21,0.22
2,15,31.4,1023,21,0.22
2,15,31.38333333,1026,21,0.22
2,15,31.36666667,1026,21,0.22
2,15,31.35,1026,21,0.22
2,15,31.33333333,1027,21,0.22
2,15,31.31666667,1029,21,0.23
2,15,31.3,1038,21,0.23
2,15,31.28333333,1054,21,0.23
2,15,31.26666667,1059,21,0.23
2,15,31.25,1066,21,0.23
2,15,31.23333333,1066,21,0.23
2,15,31.21666667,1062,21,0.23
2,15,31.2,1064,21,0.23
2,15,31.18333333,1054,21,0.23
2,15,31.16666667,1040,21,0.23
2,15,31.15,1038,21,0.23
2,15,31.13333333,1034,21,0.23
2,15,31.11666667,1031,21,0.23
2,15,31.1,1031,21,0.23
2,15,31.08333333,1031,21,0.23
2,15,31.06666667,1040,21,0.23
2,15,31.05,1043,21,0.23
2,15,31.03333333,1037,21,0.23
2,15,31.01666667,1028,21,0.23
2,15,31,1026,21,0.23
2,15,30.98333333,1026,21,0.23
2,15,30.96666667,1024,21,0.23
2,15,30.95,1034,20,0.24
2,15,30.93333333,1035,20,0.24
2,15,30.91666667,1035,20,0.24
2,15,30.9,1035,20,0.24
2,15,30.88333333,1033,20,0.24
2,15,30.86666667,1036,20,0.24
2,15,30.85,1035,20,0.24
2,15,30.83333333,1033,20,0.24
2,15,30.81666667,1029,20,0.24
2,15,30.8,1021,20,0.24
2,15,30.78333333,1013,20,0.24
2,15,30.76666667,999,20,0.24
2,15,30.75,998,20,0.24
2,15,30.73333333,998,20,0.23
2,15,30.71666667,986,20,0.23
2,15,30.7,979,20,0.23
2,15,30.68333333,969,20,0.23
2,15,30.66666667,971,20,0.23
2,15,30.65,993,20,0.23
2,15,30.63333333,976,20,0.23
2,15,30.61666667,974,20,0.23
2,15,30.6,969,20,0.23
2,15,30.58333333,968,20,0.23
2,15,30.56666667,968,20,0.23
2,15,30.55,967,20,0.23
2,15,30.53333333,967,20,0.23
2,15,30.51666667,965,20,0.24
2,15,30.5,955,20,0.24
2,15,30.48333333,951,20,0.24
2,15,30.46666667,949,20,0.24
2,15,30.45,946,20,0.24
2,15,30.43333333,940,20,0.24
2,15,30.41666667,935,20,0.24
2,15,30.4,930,20,0.24
2,15,30.38333333,914,20,0.24
2,15,30.36666667,911,20,0.24
2,15,30.35,909,20,0.24
2,15,30.33333333,906,20,0.24
2,15,30.31666667,900,20,0.24
2,15,30.3,895,20,0.24
2,15,30.28333333,890,20,0.24
2,15,30.26666667,888,20,0.24
2,15,30.25,888,20,0.23
2,15,30.23333333,889,20,0.23
2,15,30.21666667,889,20,0.23
2,15,30.2,890,19,0.23
2,15,30.18333333,889,19,0.23
2,15,30.16666667,889,19,0.23
2,15,30.15,890,19,0.23
2,15,30.13333333,891,19,0.23
2,15,30.11666667,891,19,0.23
2,15,30.1,887,19,0.23
2,15,30.08333333,887,19,0.23
2,15,30.06666667,888,19,0.23
2,15,30.05,889,19,0.23
2,15,30.03333333,889,19,0.23
2,15,30.01666667,890,19,0.23
2,15,30,892,19,0.24
2,15,29.98333333,891,19,0.24
2,15,29.96666667,891,19,0.24
2,15,29.95,891,19,0.24
2,15,29.93333333,890,19,0.24
2,15,29.91666667,890,19,0.24
2,15,29.9,880,19,0.24
2,15,29.88333333,876,18,0.24
2,15,29.86666667,873,18,0.24
2,15,29.85,871,18,0.24
2,15,29.83333333,868,18,0.24
2,15,29.81666667,865,18,0.24
2,15,29.8,863,18,0.24
2,15,29.78333333,862,18,0.24
2,15,29.76666667,862,18,0.24
2,15,29.75,862,18,0.24
2,15,29.73333333,861,18,0.24
2,15,29.71666667,861,18,0.24
2,15,29.7,860,18,0.24
2,15,29.68333333,860,18,0.24
2,15,29.66666667,857,18,0.24
2,15,29.65,856,18,0.24
2,15,29.63333333,857,18,0.24
2,15,29.61666667,856,18,0.24
2,15,29.6,856,18,0.24
2,15,29.58333333,856,18,0.24
2,15,29.56666667,857,18,0.24
2,15,29.55,857,18,0.24
2,15,29.53333333,858,18,0.24
2,15,29.51666667,857,18,0.24
2,15,29.5,858,18,0.24
2,15,29.48333333,857,18,0.24
2,15,29.46666667,858,18,0.24
2,15,29.45,857,17,0.24
2,15,29.43333333,858,17,0.24
2,15,29.41666667,859,17,0.24
2,15,29.4,858,17,0.24
2,15,29.38333333,859,17,0.24
2,15,29.36666667,859,17,0.24
2,15,29.35,859,17,0.24
2,15,29.33333333,859,17,0.24
2,15,29.31666667,859,17,0.24
2,15,29.3,861,17,0.24
2,15,29.28333333,861,17,0.24
2,15,29.26666667,861,17,0.24
2,15,29.25,861,17,0.24
2,15,29.23333333,861,17,0.24
2,15,29.21666667,861,17,0.24
2,15,29.2,861,17,0.24
2,15,29.18333333,861,17,0.24
2,15,29.16666667,862,17,0.24
2,15,29.15,863,17,0.24
2,15,29.13333333,862,17,0.24
2,15,29.11666667,863,17,0.24
2,15,29.1,862,17,0.24
2,15,29.08333333,861,17,0.24
2,15,29.06666667,861,17,0.24
2,15,29.05,861,17,0.24
2,15,29.03333333,862,16,0.24
2,15,29.01666667,862,17,0.24
2,15,29,860,17,0.24
2,15,28.98333333,859,17,0.24
2,15,28.96666667,859,17,0.24
2,15,28.95,861,17,0.24
2,15,28.93333333,863,17,0.24
2,15,28.91666667,862,17,0.24
2,15,28.9,862,17,0.24
2,15,28.88333333,862,17,0.24
2,15,28.86666667,861,16,0.24
2,15,28.85,860,17,0.24
2,15,28.83333333,861,17,0.24
2,15,28.81666667,863,17,0.24
2,15,28.8,863,17,0.24
2,15,28.78333333,863,17,0.24
2,15,28.76666667,862,17,0.24
2,15,28.75,861,17,0.24
2,15,28.73333333,860,17,0.24
2,15,28.71666667,859,17,0.24
2,15,28.7,860,17,0.24
2,15,28.68333333,860,17,0.24
2,15,28.66666667,861,17,0.24
2,15,28.65,861,17,0.24
2,15,28.63333333,861,17,0.24
2,15,28.61666667,861,17,0.24
2,15,28.6,859,17,0.24
2,15,28.58333333,861,17,0.24
2,15,28.56666667,861,17,0.24
2,15,28.55,861,17,0.24
2,15,28.53333333,862,17,0.24
2,15,28.51666667,862,17,0.24
2,15,28.5,862,17,0.24
2,15,28.48333333,860,17,0.24
2,15,28.46666667,865,17,0.24
2,15,28.45,866,17,0.24
2,15,28.43333333,867,17,0.24
2,15,28.41666667,868,17,0.24
2,15,28.4,865,17,0.24
2,15,28.38333333,867,17,0.24
2,15,28.36666667,867,16,0.24
2,15,28.35,866,17,0.24
2,15,28.33333333,866,17,0.24
2,15,28.31666667,867,17,0.24
2,15,28.3,868,17,0.24
2,15,28.28333333,867,17,0.24
2,15,28.26666667,867,17,0.24
2,15,28.25,865,17,0.24
2,15,28.23333333,865,17,0.24
2,15,28.21666667,865,17,0.24
2,15,28.2,866,16,0.24
2,15,28.18333333,866,17,0.24
2,15,28.16666667,867,17,0.24
2,15,28.15,867,17,0.24
2,15,28.13333333,868,17,0.24
2,15,28.11666667,867,17,0.24
2,15,28.1,867,17,0.24
2,15,28.08333333,867,17,0.24
2,15,28.06666667,869,17,0.24
2,15,28.05,869,17,0.24
2,15,28.03333333,869,17,0.24
2,15,28.01666667,869,17,0.24
2,15,28,867,17,0.24
2,15,27.98333333,868,17,0.24
2,15,27.96666667,868,17,0.24
2,15,27.95,870,17,0.24
2,15,27.93333333,870,17,0.24
2,15,27.91666667,870,17,0.24
2,15,27.9,871,17,0.24
2,15,27.88333333,870,17,0.24
2,15,27.86666667,870,16,0.24
2,15,27.85,870,17,0.24
2,15,27.83333333,871,17,0.24
2,15,27.81666667,869,17,0.24
2,15,27.8,868,17,0.24
2,15,27.78333333,871,17,0.24
2,15,27.76666667,870,17,0.24
2,15,27.75,868,17,0.24
2,15,27.73333333,868,17,0.24
2,15,27.71666667,869,17,0.24
2,15,27.7,867,16,0.24
2,15,27.68333333,865,17,0.24
2,15,27.66666667,867,17,0.24
2,15,27.65,868,17,0.24
2,15,27.63333333,868,17,0.24
2,15,27.61666667,866,17,0.24
2,15,27.6,867,17,0.24
2,15,27.58333333,867,17,0.24
2,15,27.56666667,867,17,0.24
2,15,27.55,868,17,0.24
2,15,27.53333333,867,17,0.24
2,15,27.51666667,869,17,0.24
2,15,27.5,869,17,0.24
2,15,27.48333333,868,17,0.24
2,15,27.46666667,868,17,0.24
2,15,27.45,868,17,0.24
2,15,27.43333333,869,17,0.24
2,15,27.41666667,869,17,0.24
2,15,27.4,869,17,0.24
2,15,27.38333333,869,17,0.24
2,15,27.36666667,869,17,0.24
2,15,27.35,868,17,0.24
2,15,27.33333333,869,17,0.24
2,15,27.31666667,868,17,0.24
2,15,27.3,868,17,0.24
2,15,27.28333333,867,17,0.24
2,15,27.26666667,867,17,0.24
2,15,27.25,865,17,0.24
2,15,27.23333333,866,17,0.24
2,15,27.21666667,867,17,0.24
2,15,27.2,867,17,0.24
2,15,27.18333333,868,17,0.24
2,15,27.16666667,868,17,0.24
2,15,27.15,868,17,0.24
2,15,27.13333333,868,17,0.24
2,15,27.11666667,869,17,0.24
2,15,27.1,869,17,0.24
2,15,27.08333333,870,17,0.24
2,15,27.06666667,870,17,0.24
2,15,27.05,870,17,0.24
2,15,27.03333333,869,17,0.24
2,15,27.01666667,870,17,0.24
2,15,27,867,17,0.24
2,15,26.98333333,867,17,0.24
2,15,26.96666667,867,17,0.24
2,15,26.95,866,17,0.24
2,15,26.93333333,867,17,0.24
2,15,26.91666667,866,17,0.24
2,15,26.9,866,17,0.24
2,15,26.88333333,865,17,0.24
2,15,26.86666667,867,17,0.24
2,15,26.85,869,17,0.24
2,15,26.83333333,867,17,0.24
2,15,26.81666667,865,17,0.24
2,15,26.8,867,17,0.24
2,15,26.78333333,869,17,0.24
2,15,26.76666667,867,17,0.24
2,15,26.75,866,17,0.24
2,15,26.73333333,869,17,0.24
2,15,26.71666667,869,17,0.24
2,15,26.7,868,17,0.24
2,15,26.68333333,867,17,0.24
2,15,26.66666667,868,17,0.24
2,15,26.65,866,17,0.24
2,15,26.63333333,865,17,0.24
2,15,26.61666667,867,17,0.24
2,15,26.6,866,17,0.24
2,15,26.58333333,865,17,0.24
2,15,26.56666667,865,17,0.24
2,15,26.55,866,17,0.24
2,15,26.53333333,866,16,0.24
2,15,26.51666667,866,17,0.24
2,15,26.5,866,17,0.24
2,15,26.48333333,868,17,0.24
2,15,26.46666667,868,17,0.24
2,15,26.45,867,17,0.24
2,15,26.43333333,868,17,0.24
2,15,26.41666667,868,17,0.24
2,15,26.4,867,17,0.24
2,15,26.38333333,866,17,0.24
2,15,26.36666667,869,17,0.24
2,15,26.35,868,17,0.24
2,15,26.33333333,869,17,0.24
2,15,26.31666667,869,17,0.24
2,15,26.3,869,17,0.24
2,15,26.28333333,867,17,0.24
2,15,26.26666667,869,17,0.24
2,15,26.25,870,17,0.24
2,15,26.23333333,870,17,0.24
2,15,26.21666667,870,17,0.24
2,15,26.2,869,16,0.24
2,15,26.18333333,868,16,0.24
2,15,26.16666667,867,17,0.24
2,15,26.15,867,17,0.24
2,15,26.13333333,867,17,0.24
2,15,26.11666667,865,17,0.24
2,15,26.1,866,17,0.24
2,15,26.08333333,867,17,0.24
2,15,26.06666667,866,17,0.24
2,15,26.05,866,17,0.24
2,15,26.03333333,866,17,0.24
2,15,26.01666667,869,17,0.24
2,15,26,869,17,0.24
2,15,25.98333333,870,17,0.24
2,15,25.96666667,870,17,0.24
2,15,25.95,872,17,0.24
2,15,25.93333333,870,17,0.24
2,15,25.91666667,869,17,0.24
2,15,25.9,868,17,0.24
2,15,25.88333333,869,17,0.24
2,15,25.86666667,869,16,0.24
2,15,25.85,870,17,0.24
2,15,25.83333333,870,17,0.24
2,15,25.81666667,870,17,0.24
2,15,25.8,867,17,0.24
2,15,25.78333333,867,17,0.24
2,15,25.76666667,871,17,0.24
2,15,25.75,872,17,0.24
2,15,25.73333333,872,17,0.24
2,15,25.71666667,872,17,0.24
2,15,25.7,870,16,0.24
2,15,25.68333333,868,17,0.24
2,15,25.66666667,870,17,0.24
2,15,25.65,869,17,0.24
2,15,25.63333333,869,17,0.24
2,15,25.61666667,869,16,0.24
2,15,25.6,869,16,0.24
2,15,25.58333333,869,16,0.24
2,15,25.56666667,868,17,0.24
2,15,25.55,868,17,0.24
2,15,25.53333333,871,16,0.24
2,15,25.51666667,871,16,0.24
2,15,25.5,871,16,0.24
2,15,25.48333333,872,16,0.24
2,15,25.46666667,871,16,0.24
2,15,25.45,869,16,0.24
2,15,25.43333333,868,16,0.24
2,15,25.41666667,868,17,0.24
2,15,25.4,868,17,0.24
2,15,25.38333333,868,16,0.24
2,15,25.36666667,868,16,0.24
2,15,25.35,868,16,0.24
2,15,25.33333333,868,16,0.24
2,15,25.31666667,867,17,0.24
2,15,25.3,867,17,0.24
2,15,25.28333333,867,16,0.24
2,15,25.26666667,866,16,0.24
2,15,25.25,867,16,0.24
2,15,25.23333333,866,17,0.24
2,15,25.21666667,866,16,0.24
2,15,25.2,866,16,0.24
2,15,25.18333333,866,16,0.24
2,15,25.16666667,866,16,0.24
2,15,25.15,866,16,0.24
2,15,25.13333333,867,16,0.24
2,15,25.11666667,867,16,0.24
2,15,25.1,866,16,0.24
2,15,25.08333333,867,17,0.24
2,15,25.06666667,868,17,0.24
2,15,25.05,868,16,0.24
2,15,25.03333333,868,16,0.24
2,15,25.01666667,866,16,0.24
2,15,25,867,16,0.24
2,15,24.98333333,865,16,0.24
2,15,24.96666667,866,16,0.24
2,15,24.95,867,16,0.24
2,15,24.93333333,868,16,0.24
2,15,24.91666667,867,17,0.24
2,15,24.9,867,17,0.24
2,15,24.88333333,866,16,0.24
2,15,24.86666667,866,16,0.24
2,15,24.85,866,16,0.24
2,15,24.83333333,866,16,0.24
2,15,24.81666667,865,16,0.24
2,15,24.8,864,16,0.24
2,15,24.78333333,865,16,0.24
2,15,24.76666667,864,16,0.24
2,15,24.75,864,16,0.24
2,15,24.73333333,865,17,0.24
2,15,24.71666667,865,16,0.24
2,15,24.7,865,16,0.24
2,15,24.68333333,865,16,0.24
2,15,24.66666667,862,16,0.24
2,15,24.65,861,16,0.24
2,15,24.63333333,862,16,0.24
2,15,24.61666667,862,16,0.24
2,15,24.6,861,16,0.24
2,15,24.58333333,862,17,0.24
2,15,24.56666667,862,17,0.24
2,15,24.55,861,17,0.24
2,15,24.53333333,861,16,0.24
2,15,24.51666667,861,16,0.24
2,15,24.5,861,16,0.24
2,15,24.48333333,859,17,0.24
2,15,24.46666667,860,16,0.24
2,15,24.45,860,16,0.24
2,15,24.43333333,858,16,0.24
2,15,24.41666667,859,17,0.24
2,15,24.4,859,17,0.24
2,15,24.38333333,861,16,0.24
2,15,24.36666667,861,16,0.24
2,15,24.35,861,16,0.24
2,15,24.33333333,860,17,0.24
2,15,24.31666667,860,17,0.24
2,15,24.3,860,17,0.24
2,15,24.28333333,858,16,0.24
2,15,24.26666667,859,16,0.24
2,15,24.25,860,16,0.24
2,15,24.23333333,860,17,0.24
2,15,24.21666667,860,16,0.24
2,15,24.2,860,16,0.24
2,15,24.18333333,859,16,0.24
2,15,24.16666667,859,17,0.24
2,15,24.15,859,17,0.24
2,15,24.13333333,859,17,0.24
2,15,24.11666667,858,16,0.24
2,15,24.1,859,16,0.24
2,15,24.08333333,859,17,0.24
2,15,24.06666667,859,17,0.24
2,15,24.05,859,17,0.24
2,15,24.03333333,858,16,0.24
2,15,24.01666667,858,16,0.24
2,15,24,858,17,0.24
2,14,9.983333333,703,20,0.23
2,14,9.966666667,707,20,0.23
2,14,9.95,709,20,0.23
2,14,9.933333333,711,20,0.23
2,14,9.916666667,713,20,0.23
2,14,9.9,714,20,0.23
2,14,9.883333333,716,20,0.23
2,14,9.866666667,717,20,0.23
2,14,9.85,719,20,0.23
2,14,9.833333333,721,20,0.23
2,14,9.816666667,724,20,0.23
2,14,9.8,728,20,0.23
2,14,9.783333333,730,20,0.23
2,14,9.766666667,732,20,0.23
2,14,9.75,733,20,0.23
2,14,9.733333333,733,20,0.23
2,14,9.716666667,735,20,0.23
2,14,9.7,736,20,0.23
2,14,9.683333333,737,20,0.23
2,14,9.666666667,745,20,0.23
2,14,9.65,746,20,0.23
2,14,9.633333333,747,20,0.23
2,14,9.616666667,749,20,0.23
2,14,9.6,752,20,0.23
2,14,9.583333333,755,20,0.23
2,14,9.566666667,757,20,0.23
2,14,9.55,760,20,0.23
2,14,9.533333333,761,20,0.23
2,14,9.516666667,763,20,0.23
2,14,9.5,765,20,0.23
2,14,9.483333333,767,20,0.23
2,14,9.466666667,767,20,0.23
2,14,9.45,770,20,0.23
2,14,9.433333333,777,20,0.23
2,14,9.416666667,781,20,0.23
2,14,9.4,783,20,0.23
2,14,9.383333333,787,20,0.23
2,14,9.366666667,792,20,0.23
2,14,9.35,795,20,0.23
2,14,9.333333333,797,20,0.23
2,14,9.316666667,799,20,0.23
2,14,9.3,801,20,0.23
2,14,9.283333333,808,20,0.23
2,14,9.266666667,810,20,0.23
2,14,9.25,811,20,0.23
2,14,9.233333333,815,20,0.23
2,14,9.216666667,818,20,0.23
2,14,9.2,819,20,0.23
2,14,9.183333333,811,20,0.23
2,14,9.166666667,817,20,0.23
2,14,9.15,822,20,0.24
2,14,9.133333333,820,20,0.24
2,14,9.116666667,819,20,0.24
2,14,9.1,817,20,0.24
2,14,9.083333333,817,20,0.24
2,14,9.066666667,819,20,0.24
2,14,9.05,823,20,0.24
2,14,9.033333333,826,20,0.24
2,14,9.016666667,831,20,0.24
2,14,9,832,20,0.24
2,14,8.983333333,831,20,0.24
2,14,8.966666667,827,20,0.24
2,14,8.95,825,20,0.24
2,14,8.933333333,823,20,0.24
2,14,8.916666667,821,20,0.24
2,14,8.9,821,20,0.24
2,14,8.883333333,820,20,0.24
2,14,8.866666667,822,20,0.24
2,14,8.85,815,20,0.24
2,14,8.833333333,806,20,0.24
2,14,8.816666667,801,20,0.24
2,14,8.8,799,20,0.24
2,14,8.783333333,801,20,0.24
2,14,8.766666667,802,20,0.24
2,14,8.75,804,20,0.24
2,14,8.733333333,804,20,0.24
2,14,8.716666667,804,20,0.24
2,14,8.7,804,20,0.24
2,14,8.683333333,806,20,0.24
2,14,8.666666667,806,20,0.24
2,14,8.65,810,20,0.24
2,14,8.633333333,815,20,0.24
2,14,8.616666667,817,20,0.24
2,14,8.6,821,20,0.24
2,14,8.583333333,823,20,0.24
2,14,8.566666667,832,20,0.24
2,14,8.55,836,20,0.24
2,14,8.533333333,838,20,0.24
2,14,8.516666667,840,20,0.24
2,14,8.5,841,20,0.24
2,14,8.483333333,842,20,0.24
2,14,8.466666667,849,20,0.24
2,14,8.45,852,20,0.24
2,14,8.433333333,855,20,0.24
2,14,8.416666667,863,20,0.24
2,14,8.4,864,20,0.24
2,14,8.383333333,862,20,0.24
2,14,8.366666667,863,20,0.24
2,14,8.35,861,20,0.24
2,14,8.333333333,856,20,0.24
2,14,8.316666667,854,20,0.24
2,14,8.3,867,20,0.24
2,14,8.283333333,856,20,0.24
2,14,8.266666667,846,20,0.24
2,14,8.25,842,20,0.24
2,14,8.233333333,842,20,0.24
2,14,8.216666667,849,20,0.24
2,14,8.2,852,20,0.24
2,14,8.183333333,855,20,0.24
2,14,8.166666667,856,20,0.24
2,14,8.15,859,20,0.24
2,14,8.133333333,862,20,0.24
2,14,8.116666667,864,20,0.24
2,14,8.1,866,20,0.24
2,14,8.083333333,873,20,0.24
2,14,8.066666667,875,20,0.24
2,14,8.05,872,20,0.23
2,14,8.033333333,869,20,0.23
2,14,8.016666667,874,20,0.24
2,14,8,878,20,0.24
2,14,7.983333333,881,20,0.24
2,14,7.966666667,886,20,0.24
2,14,7.95,895,20,0.24
2,14,7.933333333,897,20,0.24
2,14,7.916666667,900,20,0.23
2,14,7.9,902,20,0.24
2,14,7.883333333,911,20,0.24
2,14,7.866666667,916,20,0.24
2,14,7.85,920,20,0.24
2,14,7.833333333,931,20,0.24
2,14,7.816666667,937,20,0.24
2,14,7.8,937,20,0.23
2,14,7.783333333,954,20,0.24
2,14,7.766666667,970,20,0.24
2,14,7.75,970,20,0.24
2,14,7.733333333,974,20,0.24
2,14,7.716666667,983,20,0.24
2,14,7.7,995,20,0.24
2,14,7.683333333,999,20,0.25
2,14,7.666666667,999,20,0.24
2,14,7.65,977,20,0.24
2,14,7.633333333,981,20,0.24
2,14,7.616666667,984,20,0.24
2,14,7.6,995,20,0.24
2,14,7.583333333,1000,20,0.24
2,14,7.566666667,1023,21,0.25
2,14,7.55,1021,21,0.25
2,14,7.533333333,1017,20,0.25
2,14,7.516666667,1024,21,0.25
2,14,7.5,1025,21,0.25
2,14,7.483333333,1027,21,0.25
2,14,7.466666667,1011,21,0.25
2,14,7.45,1007,21,0.25
2,14,7.433333333,1008,21,0.26
2,14,7.416666667,1009,21,0.26
2,14,7.4,1014,21,0.25
2,14,7.383333333,1017,21,0.26
2,14,7.366666667,1020,20,0.26
2,14,7.35,1025,21,0.26
2,14,7.333333333,1027,21,0.26
2,14,7.316666667,1030,21,0.26
2,14,7.3,1028,21,0.26
2,14,7.283333333,1004,21,0.26
2,14,7.266666667,1005,21,0.26
2,14,7.25,1005,21,0.26
2,14,7.233333333,1003,21,0.26
2,14,7.216666667,1004,21,0.26
2,14,7.2,1012,21,0.26
2,14,7.183333333,1015,21,0.26
2,14,7.166666667,1010,21,0.26
2,14,7.15,1014,21,0.27
2,14,7.133333333,1013,21,0.27
2,14,7.116666667,1013,21,0.27
2,14,7.1,999,21,0.26
2,14,7.083333333,997,21,0.27
2,14,7.066666667,981,21,0.26
2,14,7.05,980,21,0.26
2,14,7.033333333,978,20,0.26
2,14,7.016666667,975,20,0.26
2,14,7,974,20,0.26
2,14,6.983333333,989,20,0.26
2,14,6.966666667,988,20,0.26
2,14,6.95,973,20,0.26
2,14,6.933333333,975,20,0.26
2,14,6.916666667,976,20,0.26
2,14,6.9,974,20,0.26
2,14,6.883333333,997,20,0.26
2,14,6.866666667,1000,20,0.26
2,14,6.85,1000,20,0.26
2,14,6.833333333,991,20,0.26
2,14,6.816666667,989,20,0.27
2,14,6.8,982,20,0.27
2,14,6.783333333,972,20,0.27
2,14,6.766666667,967,20,0.27
2,14,6.75,968,20,0.27
2,14,6.733333333,969,20,0.27
2,14,6.716666667,978,20,0.27
2,14,6.7,985,20,0.27
2,14,6.683333333,997,20,0.27
2,14,6.666666667,962,20,0.27
2,14,6.65,965,20,0.27
2,14,6.633333333,996,20,0.27
2,14,6.616666667,991,20,0.27
2,14,6.6,991,20,0.28
2,14,6.583333333,974,20,0.28
2,14,6.566666667,973,20,0.28
2,14,6.55,976,20,0.28
2,14,6.533333333,943,20,0.27
2,14,6.516666667,936,20,0.27
2,14,6.5,933,20,0.28
2,14,6.483333333,930,20,0.28
2,14,6.466666667,928,20,0.28
2,14,6.45,917,20,0.28
2,14,6.433333333,913,20,0.28
2,14,6.416666667,909,20,0.28
2,14,6.4,899,20,0.28
2,14,6.383333333,894,20,0.28
2,14,6.366666667,892,20,0.28
2,14,6.35,891,20,0.28
2,14,6.333333333,891,20,0.28
2,14,6.316666667,889,20,0.28
2,14,6.3,888,20,0.28
2,14,6.283333333,886,20,0.28
2,14,6.266666667,874,20,0.28
2,14,6.25,872,20,0.28
2,14,6.233333333,872,20,0.28
2,14,6.216666667,873,20,0.28
2,14,6.2,870,19,0.28
2,14,6.183333333,864,19,0.28
2,14,6.166666667,861,19,0.27
2,14,6.15,858,19,0.27
2,14,6.133333333,858,19,0.27
2,14,6.116666667,855,19,0.27
2,14,6.1,846,19,0.27
2,14,6.083333333,842,19,0.27
2,14,6.066666667,842,19,0.27
2,14,6.05,839,19,0.27
2,14,6.033333333,836,19,0.27
2,14,6.016666667,835,19,0.27
2,14,6,837,19,0.27
2,14,5.983333333,839,19,0.27
2,14,5.966666667,841,19,0.27
2,14,5.95,842,19,0.27
2,14,5.933333333,843,19,0.27
2,14,5.916666667,844,19,0.27
2,14,5.9,845,19,0.27
2,14,5.883333333,846,19,0.27
2,14,5.866666667,848,18,0.27
2,14,5.85,850,18,0.27
2,14,5.833333333,852,18,0.27
2,14,5.816666667,854,18,0.26
2,14,5.8,856,18,0.27
2,14,5.783333333,858,18,0.27
2,14,5.766666667,859,18,0.27
2,14,5.75,860,18,0.27
2,14,5.733333333,861,18,0.27
2,14,5.716666667,861,18,0.27
2,14,5.7,862,18,0.27
2,14,5.683333333,860,18,0.27
2,14,5.666666667,851,18,0.28
2,14,5.65,846,18,0.27
2,14,5.633333333,846,18,0.28
2,14,5.616666667,845,18,0.28
2,14,5.6,844,18,0.27
2,14,5.583333333,846,18,0.27
2,14,5.566666667,846,18,0.27
2,14,5.55,846,18,0.26
2,14,5.533333333,845,18,0.26
2,14,5.516666667,843,18,0.26
2,14,5.5,842,18,0.26
2,14,5.483333333,842,18,0.26
2,14,5.466666667,842,18,0.26
2,14,5.45,843,18,0.26
2,14,5.433333333,843,17,0.26
2,14,5.416666667,843,17,0.26
2,14,5.4,844,17,0.26
2,14,5.383333333,845,17,0.26
2,14,5.366666667,845,17,0.26
2,14,5.35,846,17,0.26
2,14,5.333333333,846,17,0.26
2,14,5.316666667,845,17,0.26
2,14,5.3,847,17,0.26
2,14,5.283333333,848,17,0.26
2,14,5.266666667,848,17,0.26
2,14,5.25,847,17,0.26
2,14,5.233333333,846,17,0.26
2,14,5.216666667,843,17,0.26
2,14,5.2,840,17,0.26
2,14,5.183333333,838,17,0.26
2,14,5.166666667,836,17,0.26
2,14,5.15,834,16,0.26
2,14,5.133333333,832,16,0.26
2,14,5.116666667,833,16,0.26
2,14,5.1,834,16,0.26
2,14,5.083333333,834,16,0.26
2,14,5.066666667,833,16,0.26
2,14,5.05,836,16,0.26
2,14,5.033333333,838,16,0.26
2,14,5.016666667,838,16,0.26
2,14,5,837,16,0.26
2,14,4.983333333,836,16,0.26
2,14,4.966666667,835,16,0.26
2,14,4.95,836,16,0.26
2,14,4.933333333,839,16,0.26
2,14,4.916666667,839,16,0.26
2,14,4.9,839,16,0.26
2,14,4.883333333,839,16,0.26
2,14,4.866666667,838,16,0.26
2,14,4.85,837,16,0.26
2,14,4.833333333,836,16,0.26
2,14,4.816666667,842,16,0.26
2,14,4.8,844,16,0.26
2,14,4.783333333,840,16,0.26
2,14,4.766666667,838,16,0.26
2,14,4.75,838,16,0.26
2,14,4.733333333,838,16,0.26
2,14,4.716666667,839,16,0.26
2,14,4.7,842,16,0.26
2,14,4.683333333,843,16,0.26
2,14,4.666666667,843,16,0.26
2,14,4.65,840,16,0.26
2,14,4.633333333,840,16,0.26
2,14,4.616666667,838,16,0.26
2,14,4.6,838,16,0.26
2,14,4.583333333,841,16,0.26
2,14,4.566666667,843,16,0.26
2,14,4.55,844,16,0.26
2,14,4.533333333,840,16,0.26
2,14,4.516666667,841,16,0.26
2,14,4.5,839,16,0.26
2,14,4.483333333,839,16,0.26
2,14,4.466666667,841,16,0.26
2,14,4.45,842,16,0.26
2,14,4.433333333,842,16,0.26
2,14,4.416666667,841,16,0.26
2,14,4.4,841,16,0.26
2,14,4.383333333,841,16,0.26
2,14,4.366666667,841,16,0.26
2,14,4.35,843,16,0.26
2,14,4.333333333,845,16,0.26
2,14,4.316666667,844,16,0.26
2,14,4.3,842,16,0.26
2,14,4.283333333,841,16,0.26
2,14,4.266666667,840,16,0.26
2,14,4.25,840,16,0.26
2,14,4.233333333,839,16,0.26
2,14,4.216666667,844,16,0.26
2,14,4.2,848,16,0.26
2,14,4.183333333,849,16,0.26
2,14,4.166666667,844,16,0.26
2,14,4.15,844,16,0.26
2,14,4.133333333,843,16,0.26
2,14,4.116666667,844,16,0.26
2,14,4.1,845,16,0.26
2,14,4.083333333,848,16,0.26
2,14,4.066666667,850,16,0.26
2,14,4.05,850,16,0.26
2,14,4.033333333,851,16,0.26
2,14,4.016666667,847,16,0.26
2,14,4,844,16,0.26
2,14,3.983333333,845,16,0.26
2,14,3.966666667,847,16,0.26
2,14,3.95,848,16,0.26
2,14,3.933333333,848,16,0.26
2,14,3.916666667,846,16,0.26
2,14,3.9,847,16,0.26
2,14,3.883333333,844,16,0.26
2,14,3.866666667,844,16,0.26
2,14,3.85,844,16,0.26
2,14,3.833333333,849,16,0.26
2,14,3.816666667,852,16,0.26
2,14,3.8,855,16,0.26
2,14,3.783333333,850,16,0.26
2,14,3.766666667,849,16,0.26
2,14,3.75,847,16,0.26
2,14,3.733333333,849,16,0.26
2,14,3.716666667,851,16,0.26
2,14,3.7,852,16,0.26
2,14,3.683333333,853,16,0.26
2,14,3.666666667,853,16,0.26
2,14,3.65,854,16,0.26
2,14,3.633333333,853,16,0.26
2,14,3.616666667,849,16,0.26
2,14,3.6,849,16,0.26
2,14,3.583333333,850,16,0.26
2,14,3.566666667,852,16,0.26
2,14,3.55,854,16,0.27
2,14,3.533333333,855,16,0.27
2,14,3.516666667,852,16,0.26
2,14,3.5,850,16,0.26
2,14,3.483333333,849,16,0.26
2,14,3.466666667,850,16,0.26
2,14,3.45,853,16,0.26
2,14,3.433333333,853,16,0.26
2,14,3.416666667,854,16,0.27
2,14,3.4,853,16,0.27
2,14,3.383333333,850,16,0.26
2,14,3.366666667,848,16,0.26
2,14,3.35,847,16,0.26
2,14,3.333333333,848,16,0.26
2,14,3.316666667,850,16,0.26
2,14,3.3,852,16,0.26
2,14,3.283333333,853,16,0.26
2,14,3.266666667,853,16,0.27
2,14,3.25,851,16,0.26
2,14,3.233333333,850,17,0.26
2,14,3.216666667,850,17,0.26
2,14,3.2,850,16,0.26
2,14,3.183333333,851,16,0.27
2,14,3.166666667,853,16,0.27
2,14,3.15,854,16,0.27
2,14,3.133333333,854,16,0.27
2,14,3.116666667,853,16,0.27
2,14,3.1,852,16,0.27
2,14,3.083333333,850,16,0.27
2,14,3.066666667,849,16,0.27
2,14,3.05,849,16,0.27
2,14,3.033333333,848,16,0.27
2,14,3.016666667,849,16,0.27
2,14,3,849,16,0.27
2,14,2.983333333,848,16,0.27
2,14,2.966666667,847,16,0.27
2,14,2.95,847,16,0.26
2,14,2.933333333,847,16,0.27
2,14,2.916666667,847,16,0.27
2,14,2.9,849,16,0.27
2,14,2.883333333,851,16,0.27
2,14,2.866666667,850,16,0.27
2,14,2.85,849,16,0.27
2,14,2.833333333,848,16,0.26
2,14,2.816666667,849,16,0.26
2,14,2.8,851,16,0.27
2,14,2.783333333,853,16,0.27
2,14,2.766666667,856,16,0.27
2,14,2.75,855,16,0.27
2,14,2.733333333,853,16,0.27
2,14,2.716666667,855,16,0.27
2,14,2.7,851,16,0.27
2,14,2.683333333,849,16,0.27
2,14,2.666666667,849,16,0.27
2,14,2.65,851,16,0.27
2,14,2.633333333,851,16,0.27
2,14,2.616666667,853,16,0.27
2,14,2.6,850,16,0.27
2,14,2.583333333,850,16,0.27
2,14,2.566666667,851,16,0.27
2,14,2.55,850,16,0.27
2,14,2.533333333,852,16,0.27
2,14,2.516666667,852,16,0.27
2,14,2.5,853,16,0.27
2,14,2.483333333,852,16,0.27
2,14,2.466666667,851,16,0.27
2,14,2.45,851,16,0.27
2,14,2.433333333,851,16,0.27
2,14,2.416666667,851,16,0.27
2,14,2.4,851,16,0.27
2,14,2.383333333,853,16,0.27
2,14,2.366666667,852,16,0.27
2,14,2.35,851,16,0.27
2,14,2.333333333,851,16,0.27
2,14,2.316666667,848,16,0.27
2,14,2.3,847,16,0.27
2,14,2.283333333,846,16,0.27
2,14,2.266666667,849,16,0.27
2,14,2.25,849,16,0.27
2,14,2.233333333,847,16,0.27
2,14,2.216666667,847,16,0.27
2,14,2.2,848,16,0.27
2,14,2.183333333,848,16,0.27
2,14,2.166666667,848,16,0.27
2,14,2.15,849,16,0.27
2,14,2.133333333,849,16,0.27
2,14,2.116666667,850,16,0.27
2,14,2.1,849,16,0.27
2,14,2.083333333,851,16,0.27
2,14,2.066666667,850,16,0.27
2,14,2.05,848,16,0.27
2,14,2.033333333,848,16,0.27
2,14,2.016666667,848,16,0.27
2,14,2,849,16,0.27
2,14,1.983333333,850,16,0.27
2,14,1.966666667,849,16,0.27
2,14,1.95,848,16,0.27
2,14,1.933333333,848,16,0.27
2,14,1.916666667,848,16,0.27
2,14,1.9,848,16,0.27
2,14,1.883333333,847,16,0.27
2,14,1.866666667,849,16,0.27
2,14,1.85,849,16,0.27
2,14,1.833333333,850,16,0.27
2,14,1.816666667,850,16,0.27
2,14,1.8,850,16,0.27
2,14,1.783333333,851,16,0.27
2,14,1.766666667,851,16,0.27
2,14,1.75,850,16,0.27
2,14,1.733333333,850,16,0.27
2,14,1.716666667,849,16,0.27
2,14,1.7,849,16,0.27
2,14,1.683333333,849,16,0.27
2,14,1.666666667,849,16,0.27
2,14,1.65,851,16,0.27
2,14,1.633333333,852,16,0.27
2,14,1.616666667,850,16,0.27
2,14,1.6,849,16,0.27
2,14,1.583333333,847,16,0.27
2,14,1.566666667,848,16,0.27
2,14,1.55,848,16,0.27
2,14,1.533333333,847,16,0.27
2,14,1.516666667,849,16,0.27
2,14,1.5,851,16,0.27
2,14,1.483333333,850,16,0.27
2,14,1.466666667,849,16,0.27
2,14,1.45,849,16,0.27
2,14,1.433333333,848,16,0.27
2,14,1.416666667,847,16,0.27
2,14,1.4,849,16,0.27
2,14,1.383333333,848,16,0.27
2,14,1.366666667,849,16,0.27
2,14,1.35,850,16,0.27
2,14,1.333333333,851,16,0.27
2,14,1.316666667,851,16,0.27
2,14,1.3,852,16,0.27
2,14,1.283333333,852,16,0.27
2,14,1.266666667,851,16,0.27
2,14,1.25,850,16,0.27
2,14,1.233333333,850,17,0.27
2,14,1.216666667,850,17,0.27
2,14,1.2,851,16,0.27
2,14,1.183333333,852,16,0.27
2,14,1.166666667,855,16,0.27
2,14,1.15,854,16,0.27
2,14,1.133333333,854,16,0.27
2,14,1.116666667,851,16,0.27
2,14,1.1,849,16,0.27
2,14,1.083333333,850,17,0.27
2,14,1.066666667,849,17,0.27
2,14,1.05,850,17,0.27
2,14,1.033333333,851,17,0.27
2,14,1.016666667,851,17,0.27
2,14,1,851,17,0.27
2,14,0.983333333,851,17,0.27
2,14,0.966666667,851,17,0.27
2,14,0.95,851,17,0.27
2,14,0.933333333,851,17,0.27
2,14,0.916666667,852,17,0.26
2,14,0.9,856,17,0.27
2,14,0.883333333,857,17,0.27
2,14,0.866666667,856,17,0.27
2,14,0.85,855,17,0.27
2,14,0.833333333,856,17,0.27
2,14,0.816666667,856,17,0.27
2,14,0.8,855,17,0.27
2,14,0.783333333,855,17,0.27
2,14,0.766666667,855,17,0.27
2,14,0.75,854,17,0.27
2,14,0.733333333,854,17,0.27
2,14,0.716666667,855,17,0.27
2,14,0.7,854,17,0.27
2,14,0.683333333,855,17,0.27
2,14,0.666666667,854,17,0.27
2,14,0.65,854,17,0.27
2,14,0.633333333,855,17,0.27
2,14,0.616666667,855,17,0.27
2,14,0.6,857,17,0.27
2,14,0.583333333,858,17,0.27
2,14,0.566666667,857,17,0.27
2,14,0.55,856,17,0.27
2,14,0.533333333,857,17,0.27
2,14,0.516666667,858,17,0.27
2,14,0.5,860,17,0.27
2,14,0.483333333,861,17,0.27
2,14,0.466666667,860,17,0.27
2,14,0.45,860,17,0.27
2,14,0.433333333,859,17,0.27
2,14,0.416666667,861,17,0.27
2,14,0.4,861,17,0.27
2,14,0.383333333,862,17,0.27
2,14,0.366666667,863,17,0.27
2,14,0.35,862,17,0.27
2,14,0.333333333,860,17,0.27
2,14,0.316666667,863,17,0.27
2,14,0.3,866,17,0.27
2,14,0.283333333,866,17,0.27
2,14,0.266666667,866,17,0.27
2,14,0.25,866,17,0.27
2,14,0.233333333,866,17,0.27
2,14,0.216666667,865,17,0.27
2,14,0.2,865,17,0.27
2,14,0.183333333,865,17,0.27
2,14,0.166666667,864,17,0.27
2,14,0.15,864,17,0.27
2,14,0.133333333,863,17,0.27
2,14,0.116666667,863,17,0.27
2,14,0.1,865,17,0.27
2,14,0.083333333,866,17,0.27
2,14,0.066666667,866,17,0.27
2,14,0.05,865,17,0.27
2,14,0.033333333,866,17,0.27
2,14,0.016666667,866,17,0.27
2,14,0,866,17,0.27